grid_id,poverty_rate_predicted,poverty_rate_actual
17_0,0.30976054014307963,0.3107900792636154
18_0,0.30863969756957077,0.3107900792636154
19_0,0.3099279962108067,0.3107900792636154
16_1,0.31093198553571705,0.3107900792636154
17_1,0.31080440192151193,0.3107900792636154
18_1,0.3092077818562958,0.3107900792636154
19_1,0.3112247913538293,0.3107900792636154
42_1,0.7304887569986522,0.7309899569583931
43_1,0.7305771001216527,0.7309899569583931
44_1,0.7315337616313404,0.7309899569583931
15_2,0.31161236933741365,0.3107900792636154
16_2,0.3101958793390499,0.3107900792636154
26_2,0.7610808035204417,0.7625294315506222
27_2,0.7626323420068112,0.7625294315506222
28_2,0.7631549679210401,0.7625294315506222
41_2,0.7336349146501685,0.7309899569583931
42_2,0.7316260454294969,0.7309899569583931
43_2,0.7300434203591322,0.7309899569583931
44_2,0.731087198552779,0.7309899569583931
15_3,0.3116618039675363,0.3107900792636154
16_3,0.31133645438943003,0.3107900792636154
21_3,0.5257573682180471,0.5282476319350473
22_3,0.38832808097557125,0.3885319549780204
23_3,0.3903598297262397,0.3885319549780204
24_3,0.38894600786948036,0.3885319549780204
25_3,0.3884703210755902,0.3885319549780204
26_3,0.7613836664671967,0.7625294315506222
27_3,0.7621723077037845,0.7625294315506222
28_3,0.7637339205341667,0.7625294315506222
29_3,0.7628784947336154,0.7625294315506222
30_3,0.7632757642953769,0.7625294315506222
41_3,0.7318947166025611,0.7309899569583931
42_3,0.7298835945658152,0.7309899569583931
43_3,0.7311616216421795,0.7309899569583931
19_4,0.2387369831786898,0.2355140186915887
20_4,0.44135426746264517,0.4449156950100895
21_4,0.5322981930829477,0.5401381619081582
22_4,0.49115435845954136,0.4904951533364667
23_4,0.4021970906682322,0.4079057100036062
24_4,0.39019798121304833,0.3885319549780204
25_4,0.38885325463129805,0.3884979563188044
26_4,0.3721349577026586,0.3699470225088637
29_4,0.7619464548373664,0.7625294315506222
16_5,0.3672559854713885,0.3758849353946486
17_5,0.2713112481535921,0.2677392355621687
18_5,0.3034429174043718,0.2972467324711807
19_5,0.31463281162727513,0.3198416626462732
20_5,0.30740479035605184,0.3055822457158821
21_5,0.5033193962408808,0.5147911812406021
22_5,0.45072232713893223,0.4465400123771078
23_5,0.3883285925069835,0.3885319549780204
24_5,0.384125942160578,0.3858812894532706
25_5,0.36890582864432264,0.3635855187008209
26_5,0.3528590405477336,0.3535882661079099
27_5,0.3541534715694063,0.3535882661079099
28_5,0.47556305304516555,0.4779607032984849
13_6,0.4020550428191418,0.3997923156801661
14_6,0.4010227165957872,0.3997923156801661
15_6,0.39906196515151277,0.400863357510117
16_6,0.34491214339738574,0.3495140276252004
17_6,0.2759869361781366,0.2717530507886018
18_6,0.2791561605320938,0.2756970797802137
19_6,0.30576670303126086,0.3150497499863275
20_6,0.23019438486473776,0.2305788363831333
21_6,0.2394976907095866,0.2311869901537377
22_6,0.3270613392832975,0.325117368939109
23_6,0.33609291174335254,0.3343752174733093
24_6,0.3731443394840361,0.3779713055522057
25_6,0.3530866406292017,0.3535882661079099
26_6,0.3552358661282752,0.3535882661079099
27_6,0.3722621672436466,0.3713864613842988
28_6,0.6304252132138887,0.6306810651015927
29_6,0.6566735091482341,0.6598814918089927
31_6,0.7710163673186381,0.7981109799291618
33_6,0.6925805412458657,0.6910456062291435
12_7,0.4728103405546097,0.471376876075221
13_7,0.4029912310568073,0.4061773688441475
14_7,0.38166745454164236,0.3872098106894868
15_7,0.3929671035625637,0.397847232962321
16_7,0.34849029706134715,0.3501511571936897
17_7,0.30554003205686464,0.3063638788814377
18_7,0.2578372953571906,0.2561408317945368
19_7,0.258910248090537,0.2588009380861373
20_7,0.23200975050167272,0.2309428626459393
21_7,0.20125438474270746,0.189531010200021
22_7,0.2667627274746343,0.2606159116997316
23_7,0.3023151442411865,0.3041429190734009
24_7,0.2887309754452663,0.2833486018922254
25_7,0.3426378617607076,0.3439589612766456
26_7,0.3575599082288169,0.3569424470398867
27_7,0.3912482517896476,0.3899918535857336
28_7,0.41481910092454466,0.4245439796230836
32_7,0.6928090695915955,0.6910456062291435
33_7,0.6918606574670013,0.6910456062291435
34_7,0.6936032857583074,0.6910456062291435
10_8,0.47218857140346054,0.471376876075221
11_8,0.47112834612631455,0.471376876075221
12_8,0.4099725946414585,0.4144272668247914
13_8,0.3126130145768437,0.3139921876620219
14_8,0.2976883918392902,0.3009282581889797
15_8,0.34746899431207173,0.3488755794418579
16_8,0.34651059865251904,0.3447660504161823
17_8,0.3149067421517291,0.3107287549744374
18_8,0.26253721160205434,0.2600388146871146
19_8,0.2713930907145509,0.2708434813390233
20_8,0.30002798243129436,0.3014407935224619
21_8,0.21210639350562271,0.2088262592398713
22_8,0.22171473571630745,0.2209777638504096
23_8,0.2771715634943238,0.2792579486311164
24_8,0.2522988791131349,0.2538732252494891
25_8,0.3357311025384584,0.3339310163038994
26_8,0.3503821672213818,0.3529850866361549
27_8,0.404676571103368,0.404722319618584
28_8,0.40619620947955315,0.4048067437897946
29_8,0.43257994790692733,0.4331174324887972
30_8,0.4867228722586974,0.4862884655641616
32_8,0.6501767457698531,0.6551819186623917
33_8,0.6809203306553935,0.68097834979663
34_8,0.6917844270689142,0.6910456062291435
35_8,0.6918390132391514,0.6910456062291435
7_9,0.4600059773188907,0.4669475433183005
9_9,0.3296814931248253,0.3305346884666372
10_9,0.40411604205879137,0.3989874020743783
11_9,0.472681527259873,0.471376876075221
12_9,0.45261480009934524,0.45480503956637
13_9,0.3182863991473566,0.3221868185572828
14_9,0.2974044512465971,0.2970635165390779
15_9,0.34715506209145763,0.348796100108584
16_9,0.2974459859322006,0.2976839597162675
17_9,0.2843410799738947,0.2837570970130832
18_9,0.28431447464230836,0.284733401533858
19_9,0.30429468192482034,0.3035096780902598
20_9,0.310245275823015,0.3111111111111111
21_9,0.22602097724706166,0.2227175457851049
22_9,0.26197489668177215,0.2634911067479989
23_9,0.2690365265330912,0.271991357956311
24_9,0.2387769925946,0.2382040596854416
25_9,0.29769625249243625,0.2982340427633773
26_9,0.35265911569633945,0.3532001035129382
27_9,0.4061193703651185,0.4048067437897946
28_9,0.40553302133787134,0.4077099831102574
29_9,0.47718535016642133,0.4783102358694781
30_9,0.49196997483488664,0.4991286281721513
31_9,0.573289776571424,0.5730831596015752
33_9,0.6436154475346871,0.6426559190089685
34_9,0.6774015377814163,0.6764791178856732
35_9,0.6914854775490338,0.6910456062291435
36_9,0.6909981697255667,0.6910456062291435
37_9,0.6902312836109251,0.6910456062291435
5_10,0.3329658212598547,0.3337017217310377
6_10,0.45264381731973813,0.4524302093059953
7_10,0.45385786577446396,0.4573465475940104
8_10,0.41682193849419164,0.4155545086563299
9_10,0.3309963039612901,0.3318848399787436
10_10,0.3386841965272094,0.3378238883560461
11_10,0.42844565078023733,0.4255695925940528
12_10,0.4732051523890743,0.471376876075221
13_10,0.4279755353943061,0.4298953987194799
14_10,0.32756512330549165,0.3231131182628273
15_10,0.3499675744024299,0.3489446407169948
16_10,0.2909197564317717,0.2909697700452265
17_10,0.28530858708472817,0.2837570970130832
18_10,0.29603976219866823,0.2948397234264945
19_10,0.30140395036056983,0.3023440818593983
20_10,0.29104611796138696,0.2920173001742928
21_10,0.25438749662638577,0.2517038756503499
22_10,0.275742014720478,0.2745174436527392
23_10,0.25713252169970646,0.261275572416196
24_10,0.23718269314171014,0.2382040596854416
25_10,0.3218752956342513,0.3208417034718964
26_10,0.39351335707897894,0.3914835887045228
27_10,0.405561733493277,0.4048067437897946
28_10,0.42988423653179453,0.4303778935522963
29_10,0.4865208503294398,0.4862647679909357
30_10,0.5017182988076123,0.5090350056199109
31_10,0.567627223119283,0.5681952127251372
33_10,0.6423101149237993,0.64177545691906
34_10,0.6429985083967048,0.6440715799005322
35_10,0.676984769496833,0.677909349476123
36_10,0.6880825041442822,0.6910456062291435
37_10,0.6893900875161294,0.6910456062291435
38_10,0.6909964761038669,0.6910456062291435
39_10,0.6923984952798331,0.6910456062291435
40_10,0.6928840232315472,0.6910456062291435
41_10,0.6895913677544142,0.6910456062291435
47_10,0.7155998843353246,0.716304347826087
4_11,0.33288227416231464,0.3337017217310377
5_11,0.3327513875392262,0.3337017217310377
6_11,0.3872365934417668,0.3897861914391606
7_11,0.4372420369652995,0.437176456077861
8_11,0.4241805935324481,0.4290001364070386
9_11,0.4400498484440569,0.4435669042558114
10_11,0.44978590923276784,0.4429412707926419
11_11,0.424348418923595,0.4256381806261053
12_11,0.5096378393146834,0.5163875194571468
13_11,0.4439368500751597,0.4440793986219641
14_11,0.38986414979721196,0.3881303777850839
15_11,0.35419103773489685,0.3569691743607099
16_11,0.34879893193283923,0.3463928255104569
17_11,0.337725096453821,0.3339132121881025
18_11,0.30045451643971594,0.3024022136041565
19_11,0.3006543818546833,0.3021495853795991
20_11,0.2907923337424976,0.2874470684785211
21_11,0.2613253735561198,0.2583211440463048
22_11,0.31008867456442424,0.3172236971562904
23_11,0.2897250751801309,0.2898701709605597
24_11,0.24050721494981897,0.2382040596854416
25_11,0.31401004906836627,0.3188101542358247
26_11,0.393217664519393,0.3949352501232078
27_11,0.40601778779601155,0.4048067437897946
28_11,0.4062825906407307,0.4048067437897946
29_11,0.43472453590139953,0.4362143808271159
30_11,0.48738483603906296,0.4865979769530996
31_11,0.5504598415390881,0.5493537330563301
34_11,0.6423785433922604,0.64177545691906
35_11,0.643048053706466,0.6425305606774647
36_11,0.6659683423582764,0.6683815034920255
37_11,0.6695072939241979,0.6720176614392894
38_11,0.6659616217030031,0.6665273337285532
39_11,0.693888016665025,0.6910456062291435
40_11,0.6895760742319179,0.6910456062291435
41_11,0.6904265712873697,0.6910456062291435
42_11,0.691856558718548,0.6910456062291435
3_12,0.24950754525815594,0.2492803684513529
4_12,0.29783061331531147,0.2921980894497211
5_12,0.33787461341266695,0.3345529480463776
6_12,0.3490905173463183,0.3468635562526194
7_12,0.36118058512940615,0.3646179004593198
8_12,0.4328601735813157,0.4451212740793966
9_12,0.6164511650422497,0.6149297907174194
10_12,0.6202840021037394,0.6192429022082019
11_12,0.6210199954583149,0.6192429022082019
12_12,0.6035048151653728,0.6050783626227831
13_12,0.4469190601879683,0.4543101906330924
14_12,0.39992750316071196,0.4010189228529839
15_12,0.391664017437743,0.3890962856641312
16_12,0.3520473873392935,0.3516788483853224
17_12,0.35062453125042564,0.3513027852650494
18_12,0.30528362363883355,0.3096752319521241
19_12,0.3042524539402566,0.3021495853795991
20_12,0.2955288734611702,0.2969867849706487
21_12,0.29816605460231294,0.2942588082256138
22_12,0.3388200971674572,0.3353406319388303
23_12,0.30080603904696035,0.2997471506829598
24_12,0.2983361120983129,0.2925242349460725
25_12,0.3708139024293464,0.3780740784581172
26_12,0.3403680397209017,0.3430489253025001
27_12,0.31520402085490334,0.3109808388224406
28_12,0.33722490468132105,0.3323009301904559
29_12,0.41470681719767344,0.4233049994920624
30_12,0.48563295605244094,0.4862884655641616
31_12,0.4863279234914997,0.4862884655641616
34_12,0.6425862383123168,0.64177545691906
35_12,0.6427442808403024,0.64177545691906
36_12,0.642590088206251,0.64177545691906
37_12,0.642440404844771,0.64177545691906
38_12,0.6429751585866692,0.6417754764959451
39_12,0.6576101600873553,0.660119598799909
40_12,0.6844657206648218,0.6864355093947512
41_12,0.6863873174524797,0.6889378656602576
42_12,0.6658972745295638,0.6658962931615366
3_13,0.2460587387179216,0.2492803684513529
4_13,0.26368980907430206,0.2556211694772405
5_13,0.3663956684591658,0.3637185989864666
6_13,0.4995678728946062,0.4986672059041356
7_13,0.4293953806984354,0.4222763978411402
8_13,0.4684538014737728,0.474984154016687
9_13,0.6201001179057103,0.6192429022082019
10_13,0.6204238146948895,0.6192429022082019
11_13,0.6200051816772879,0.6192429022082019
12_13,0.6221918068361714,0.6192429022082019
13_13,0.6029091219647321,0.6122090864402436
14_13,0.4033600252827135,0.4035915707753986
15_13,0.3975767481991884,0.3963180965741912
16_13,0.35080796751818155,0.3527127171549504
17_13,0.3507290549037613,0.3513027852650494
18_13,0.3052657234738535,0.3054454015391126
19_13,0.3004807157529331,0.3021495853795991
20_13,0.32856968376653306,0.3270466098880775
21_13,0.36162611010367673,0.3597379800102507
22_13,0.35168408187157524,0.3513120321304478
23_13,0.41169354103529276,0.4065694110202043
24_13,0.4703638791919634,0.4717026898435864
25_13,0.38038238853423084,0.3854569766677732
26_13,0.34215351304660846,0.3457368796098786
27_13,0.2914010527092426,0.2932213322914632
28_13,0.294708366857626,0.2968217252933328
29_13,0.3685070521717935,0.3696221172442757
30_13,0.42756530825351635,0.4169752958472512
31_13,0.4513659094424538,0.4488188245865829
32_13,0.3876580806186777,0.386852344869957
34_13,0.6415062142663142,0.64177545691906
35_13,0.6416590731120909,0.64177545691906
36_13,0.6436313828308453,0.64177545691906
37_13,0.6388021524423311,0.6417619894248521
38_13,0.6201790136817601,0.6154969886749044
39_13,0.6238516202744882,0.6238472776975894
40_13,0.6431036743880645,0.6462409358040557
41_13,0.6599457803490445,0.6609594140568825
42_13,0.6560453170490603,0.6552845528455284
49_13,0.7159085301992223,0.716304347826087
50_13,0.7151304844254582,0.716304347826087
2_14,0.24827967498982106,0.2492803684513529
3_14,0.24527770568191298,0.2492803684513529
4_14,0.25299863035472925,0.2528771307747967
5_14,0.40689298585980277,0.4147866230935367
6_14,0.49112764677925386,0.4918526973901112
7_14,0.50422795690847,0.5053627849861728
8_14,0.4871853270336605,0.4845260594890953
9_14,0.5733782622021975,0.57272806221157
10_14,0.5853232383190786,0.5900252468914313
11_14,0.6137041741740907,0.6175384963011926
12_14,0.6223251957628322,0.6192429022082019
13_14,0.6213521379492726,0.6192429022082019
14_14,0.40423140684116465,0.4113252964671166
15_14,0.36256060435728477,0.3621045655213739
16_14,0.35214335929199136,0.3513027852650494
17_14,0.3511092357590938,0.3513027852650494
18_14,0.3022889732497158,0.3021495853795991
19_14,0.30005060656947047,0.3021495853795991
20_14,0.3045437798694546,0.3084281969266869
21_14,0.366739537294852,0.3662119339413632
22_14,0.3919472551836594,0.3911593149422935
23_14,0.4809132790420108,0.4835122348733695
24_14,0.4754538649499506,0.4769348859687884
25_14,0.4006297979507808,0.4028781987643325
26_14,0.3453881353750903,0.3454605225283428
27_14,0.2967126466479881,0.2961458283406694
28_14,0.339085081218345,0.3352057967836794
29_14,0.36640113416208864,0.3657285443285319
30_14,0.3857121012120082,0.386852344869957
31_14,0.38458593281404646,0.386852344869957
32_14,0.3860485436949189,0.386852344869957
35_14,0.6418772315412101,0.64177545691906
36_14,0.6404567986973935,0.64177545691906
37_14,0.5989577987200002,0.5942352679984317
38_14,0.5231133602877323,0.5245139475908707
39_14,0.554539809740825,0.5505598110623344
40_14,0.6551135766012837,0.6552760801497548
41_14,0.656358217565804,0.6552845528455284
42_14,0.6537701364368892,0.6552845528455284
50_14,0.7162274235228564,0.716304347826087
2_15,0.2464254626766682,0.2492803684513529
3_15,0.24855912061402066,0.2492803684513529
4_15,0.24823819864126562,0.2492803684513529
5_15,0.3954490704357043,0.3879284292775112
6_15,0.449260763909728,0.4487086123152782
7_15,0.5127452554571412,0.5128287493848022
8_15,0.5211649759090762,0.5226027397260274
9_15,0.5216369620452248,0.5226027397260274
10_15,0.5218376686974147,0.5226027397260274
11_15,0.556442812394267,0.5597311114097732
12_15,0.6221155242083785,0.6192429022082019
13_15,0.6224921269060504,0.6192429022082019
14_15,0.3926774953055624,0.3988253318893517
15_15,0.3518255174245416,0.3513027852650494
16_15,0.35249941090049774,0.3513027852650494
17_15,0.3490488637456841,0.3513027852650494
18_15,0.3014242215916392,0.3021495853795991
19_15,0.3019504546968732,0.3021495853795991
20_15,0.30548952139312213,0.3094006447694727
21_15,0.36696338557105335,0.371366963040568
22_15,0.4296094078245219,0.428464902530975
23_15,0.481085031158637,0.4836941627843245
24_15,0.4440794391020916,0.4413850851710664
25_15,0.4030425764046093,0.401160805735746
26_15,0.3866165449636413,0.388909435542452
27_15,0.3486874222575834,0.3521286493665126
28_15,0.32198622893627815,0.3170757479235478
29_15,0.3724806233098572,0.3758965512636522
30_15,0.38654171878802834,0.386852344869957
31_15,0.3872409882295279,0.386852344869957
32_15,0.3855727562240296,0.386852344869957
37_15,0.524745297073862,0.5245139475908707
38_15,0.5233719693274095,0.5245139475908707
39_15,0.607234432461886,0.5997219225615
40_15,0.6538838666646373,0.6552845528455284
41_15,0.6528390929980658,0.6552845528455284
2_16,0.2730353446339005,0.2727281644220319
3_16,0.2526696646118888,0.2492803684513529
4_16,0.25247959151128724,0.2511437183163684
5_16,0.41768474334181704,0.42119593978605
6_16,0.4261071400432095,0.4305700563792023
7_16,0.48513972969168523,0.4809731519296431
8_16,0.5217334920189689,0.5226027397260274
9_16,0.5212801721470054,0.5226027397260274
10_16,0.521793445710815,0.5226027397260274
11_16,0.5510353259691368,0.5547764492021581
12_16,0.6200414780423511,0.6192429022082019
13_16,0.6210853921539052,0.6192429022082019
14_16,0.611780227353844,0.6131612410096766
15_16,0.6204614402860777,0.6192429022082019
16_16,0.35230122471023295,0.3513027852650494
17_16,0.35096818238081395,0.3513027852650494
18_16,0.3011214833237922,0.3021495853795991
19_16,0.3040426276884211,0.3021495853795991
20_16,0.3137368981162663,0.3094625541682383
21_16,0.3688395513067191,0.37134490365244
22_16,0.42862486433659186,0.4269293527790749
23_16,0.485198823982288,0.4863575207021421
24_16,0.44074461167047,0.4442455776211706
25_16,0.4026530190028385,0.401160805735746
26_16,0.40301762911108907,0.401160805735746
27_16,0.3376362135027908,0.3383876992749523
28_16,0.31137665216576826,0.3139703286955106
29_16,0.34881493150368426,0.3487343096537562
30_16,0.38636126613517047,0.3863957881314914
31_16,0.39258511841454224,0.3966183175224037
32_16,0.44820929031320766,0.441551433205862
33_16,0.4652752245298909,0.4659773182121414
2_17,0.4712076142996492,0.4715200335434095
3_17,0.3661204006947959,0.365207082568746
4_17,0.25535556227800044,0.254527740773362
5_17,0.31112527012834934,0.3056317536620554
6_17,0.42191625471102034,0.4233824493704446
7_17,0.4595827328026728,0.4568901311810494
8_17,0.5226931014906488,0.5221436205584108
9_17,0.5212731771005225,0.5226027397260274
10_17,0.5218369653641501,0.5226027397260274
11_17,0.578351971739316,0.5808051639526315
12_17,0.6209623939226787,0.6192429022082019
13_17,0.6201266103320471,0.6192429022082019
14_17,0.6216639933795272,0.6192429022082019
15_17,0.6190738543065721,0.6192429022082019
16_17,0.6218279465190918,0.6192429022082019
17_17,0.6159137817911068,0.6192429022082019
18_17,0.3051352911705958,0.3021495853795991
19_17,0.3007371419783843,0.3021495853795991
20_17,0.3774211338654743,0.3713962690785755
21_17,0.3731535901527058,0.3713962690785755
22_17,0.439279707280749,0.4364410273440764
23_17,0.4945767216701883,0.496175074611739
24_17,0.5476405795273493,0.5482203929823255
25_17,0.44057297486192165,0.4428286883633587
26_17,0.37561202439269314,0.3767121809314103
27_17,0.30612387084838616,0.3076707708045252
28_17,0.30245838117063717,0.3009954570648276
29_17,0.33352439084396673,0.3347067005754882
30_17,0.40219989418434,0.4096731198016794
31_17,0.45998587844259775,0.4612110071858111
32_17,0.46427487951990787,0.4659773182121414
33_17,0.4656302983268293,0.4659773182121414
1_18,0.47581023256175853,0.4755832037325039
2_18,0.4734149615829378,0.4755832037325039
3_18,0.4726278339465999,0.4755832037325039
4_18,0.46586844072442196,0.4643516916260371
5_18,0.43057322308066337,0.4311208064087488
6_18,0.42803382418420943,0.4225540705639265
7_18,0.4286408439615251,0.4305700563792023
8_18,0.4763970898453958,0.4737108391915907
9_18,0.4960810205811901,0.4935198663280692
10_18,0.5127350366991102,0.5142550846939394
11_18,0.5782435395967793,0.5777672555496914
12_18,0.6168179396190793,0.6192429022082019
13_18,0.6210819012925299,0.6192429022082019
14_18,0.6211499083278813,0.6192429022082019
15_18,0.6195790525640892,0.6192429022082019
16_18,0.6215118707257171,0.6192429022082019
17_18,0.6208622036385608,0.6192429022082019
18_18,0.3027837897132612,0.3021495853795991
19_18,0.3725523738041712,0.3713962690785755
20_18,0.4821786654491922,0.4836941627843245
21_18,0.4843133570074937,0.4811074245519915
22_18,0.48133466622010135,0.4835630098812522
23_18,0.500013173529997,0.5048284928283937
24_18,0.5493456316244844,0.5503188245079013
25_18,0.5490042499793463,0.550263118882341
26_18,0.42471873188092296,0.4209925959882207
27_18,0.2987952821322526,0.3004291845493562
28_18,0.3411828599831315,0.339765847993944
29_18,0.42436121481656885,0.4247077457132032
30_18,0.4382571835788226,0.4369742229721657
31_18,0.4645171423083415,0.4659773182121414
32_18,0.463921578734247,0.4659773182121414
33_18,0.4622596705386459,0.4617312602286588
34_18,0.3370662981849015,0.3378746651946443
1_19,0.4953851058585678,0.4962934641780155
2_19,0.48344196735201816,0.4862089882684814
3_19,0.4747480854321562,0.4756618298508795
4_19,0.47462610355374946,0.4755832037325039
5_19,0.47505199214604943,0.4755832037325039
6_19,0.46984673634073987,0.4692554810911265
7_19,0.4343510270653602,0.4364726781452291
8_19,0.4333490299080549,0.434604397619899
9_19,0.48560682529239574,0.4815958673166872
10_19,0.5174006377179865,0.5201498355889111
11_19,0.5266601288855988,0.529179123708943
12_19,0.5898904873304226,0.5955103237808356
13_19,0.620047814123969,0.6192429022082019
14_19,0.6188566746117888,0.6192429022082019
15_19,0.6174586572546654,0.6192429022082019
16_19,0.6197389096274997,0.6192429022082019
17_19,0.6201572415917128,0.6192429022082019
18_19,0.6191459902922067,0.6192429022082019
19_19,0.48341319752132017,0.4836941627843245
20_19,0.4818636703367886,0.4836941627843245
21_19,0.4842361424136131,0.4836941627843245
22_19,0.4824500592801301,0.4836941627843245
23_19,0.4843535685509352,0.4854830858277738
24_19,0.5254536214653482,0.5281489030532127
25_19,0.5497156762044548,0.5503188245079013
26_19,0.34772740016386594,0.347113299560353
27_19,0.30963954035945906,0.3077968080836782
28_19,0.41335600496621333,0.4128631954498128
29_19,0.42991318782901355,0.4306893995552261
30_19,0.4380184339176477,0.4347718837597183
31_19,0.46465358245582233,0.465232429422506
32_19,0.4643641856055599,0.4632836399401385
33_19,0.35418296184013887,0.3538519065837038
34_19,0.32022491818005927,0.3208782742681048
1_20,0.5026651080487962,0.504225050807573
2_20,0.5029859232714338,0.504225050807573
3_20,0.493762655963002,0.4937486326785972
4_20,0.47729095749861855,0.4758953950028912
5_20,0.47624211758833346,0.4755832037325039
6_20,0.4765113680127556,0.4755832037325039
7_20,0.4354639461987442,0.4321257335564688
8_20,0.45325360399373227,0.4508862151388568
9_20,0.5170807184972054,0.5197098872722722
10_20,0.5219286925518691,0.5226027397260274
11_20,0.5225631664345803,0.5226027397260274
12_20,0.5736796916053928,0.5726162158037219
13_20,0.6194736619816406,0.6192429022082019
14_20,0.6204465170506024,0.6192429022082019
15_20,0.6176828542153282,0.6192429022082019
16_20,0.6200886812353581,0.6192429022082019
17_20,0.6198526212957325,0.6192429022082019
18_20,0.4833082977128871,0.4836941627843245
19_20,0.4833645015589937,0.4836941627843245
20_20,0.4836422686125527,0.4836941627843245
21_20,0.48397623223340247,0.4836941627843245
22_20,0.4827267857502746,0.4836941627843245
23_20,0.48315201023523535,0.4836941627843245
24_20,0.5268574695639415,0.5270401109126401
25_20,0.5496764324465521,0.5503188245079013
26_20,0.49960256876987846,0.4990650906220458
27_20,0.5074031107506235,0.503930418421209
28_20,0.4234458812960864,0.4232287193780129
29_20,0.4239847895082626,0.4225062516973484
30_20,0.32733438024400535,0.3256924062411189
31_20,0.340116510079323,0.3362426073572198
32_20,0.3212512875130217,0.3222179626277945
33_20,0.3205170375304871,0.3208782742681048
34_20,0.3195494911163681,0.3208782742681048
1_21,0.5029170371735592,0.504225050807573
2_21,0.5036388686777726,0.504225050807573
3_21,0.5037555010660368,0.504225050807573
4_21,0.4914394687706108,0.4861821998263115
5_21,0.4773068164886403,0.4755832037325039
6_21,0.4769877282957806,0.4755832037325039
7_21,0.4763413554663542,0.4755832037325039
8_21,0.4357798800885018,0.4360398008724941
9_21,0.5100319988117105,0.510378432161861
10_21,0.5208823456095882,0.5226027397260274
11_21,0.5220691105739879,0.5226027397260274
12_21,0.5274486691789205,0.5321037541619705
13_21,0.6174037490073976,0.6192429022082019
14_21,0.6172124585408526,0.6192429022082019
15_21,0.6175344091834521,0.6192429022082019
16_21,0.6189590188515797,0.6192429022082019
17_21,0.6192500477621702,0.6192429022082019
18_21,0.48402674411944374,0.4836941627843245
19_21,0.4843926463604277,0.4836941627843245
20_21,0.48349729465199565,0.4836941627843245
21_21,0.4858128120828382,0.4836941627843245
22_21,0.4830325276010686,0.4836941627843245
23_21,0.4879859658449485,0.4908973103591666
24_21,0.5485461738562277,0.547738528897766
25_21,0.5503902205497815,0.5503188245079013
26_21,0.5512385597193302,0.5503188245079013
27_21,0.5057470718946162,0.5079164824939701
28_21,0.425346337248262,0.4306893995552261
29_21,0.4280356853330927,0.4305761571377902
30_21,0.3561384829691189,0.3582611225650319
31_21,0.36175464690547443,0.3644416465275824
32_21,0.3367747614940493,0.3417125372330639
33_21,0.3203571769443328,0.3208782742681048
34_21,0.3201099042302415,0.3208782742681048
0_22,0.5027594134662476,0.504225050807573
1_22,0.5026946920957945,0.504225050807573
2_22,0.5052570999270959,0.504225050807573
3_22,0.5047205621101306,0.504225050807573
4_22,0.504490781174837,0.504225050807573
5_22,0.4741519545153167,0.4755832037325039
6_22,0.47452329312192604,0.4755832037325039
7_22,0.43050312052129913,0.4305700563792023
8_22,0.4517721205277136,0.4487708079738454
9_22,0.5214226139967417,0.5226027397260274
10_22,0.5217627015213188,0.5226027397260274
11_22,0.5226729271482825,0.5226027397260274
12_22,0.5226692641410019,0.5226027397260274
13_22,0.52151960085242,0.5226027397260274
14_22,0.6180414937605901,0.6192429022082019
15_22,0.6165887659686656,0.6192429022082019
16_22,0.6166008433316682,0.6192429022082019
17_22,0.6172796591156295,0.6192429022082019
18_22,0.4838350989970936,0.4836941627843245
19_22,0.4849577536772148,0.4836941627843245
20_22,0.48710633420562777,0.4836941627843245
21_22,0.4849346423152658,0.4836941627843245
22_22,0.5029681358609996,0.5112387534775291
23_22,0.5464076614316029,0.5464886693914083
24_22,0.5498823876650913,0.5503188245079013
25_22,0.5514791894656079,0.5503188245079013
26_22,0.546111853208222,0.5463124088895377
27_22,0.46182977952174975,0.4583491104479767
28_22,0.4660804117771329,0.4670588980078486
29_22,0.4780417009705915,0.4756226761714413
30_22,0.4890464135171915,0.4898654487253485
31_22,0.4890657352375538,0.4916569654637175
32_22,0.451413812885997,0.4462885090519289
33_22,0.3822614808982125,0.3747294209717275
34_22,0.4353865318576178,0.4283573043669672
0_23,0.502583099267915,0.504225050807573
1_23,0.5028727037375997,0.504225050807573
2_23,0.5037572199645007,0.504225050807573
3_23,0.5033233695586218,0.504225050807573
4_23,0.506270540543289,0.504225050807573
5_23,0.5052640857686548,0.504225050807573
6_23,0.4744000190015045,0.4755832037325039
7_23,0.43326760556838745,0.4305700563792023
8_23,0.5230643302455311,0.5226027397260274
9_23,0.5216167816164513,0.5226027397260274
10_23,0.5217047464374657,0.5226027397260274
11_23,0.5225206669488615,0.5226027397260274
12_23,0.5229550729268725,0.5226027397260274
13_23,0.5214750452851812,0.5226027397260274
14_23,0.5223496901590742,0.5226027397260274
15_23,0.5207265058338051,0.5226027397260274
16_23,0.6164516649758804,0.6192429022082019
17_23,0.4851070227376964,0.4836941627843245
18_23,0.4847550850323823,0.4836941627843245
19_23,0.4847962725028497,0.4836941627843245
20_23,0.4842509490582131,0.4836941627843245
21_23,0.5016159293020577,0.5018559890026025
22_23,0.5506807968927402,0.5499740502734342
23_23,0.5507110322556328,0.5503188245079013
24_23,0.5506976945693933,0.5503188245079013
25_23,0.5508919495616906,0.5503188245079013
26_23,0.5295147862203149,0.5289622755258208
27_23,0.49070528171797256,0.4920242414941519
28_23,0.490153620422733,0.4916569654637175
29_23,0.49104462765591195,0.4916569654637175
30_23,0.4911294652152098,0.4916569654637175
31_23,0.4948937710381221,0.4912907505392829
32_23,0.48708488550235707,0.4874894132793119
33_23,0.48532094714654933,0.4853942857142857
34_23,0.48554206189511623,0.4853942857142857
35_23,0.48433643120633174,0.4853942857142857
0_24,0.5036880601988266,0.5021701450466898
1_24,0.5043469491291231,0.5021661327004109
2_24,0.5044942435912946,0.5032216968363935
3_24,0.5036409097075377,0.5038888768962476
4_24,0.5063378393113677,0.504225050807573
5_24,0.5042169352954631,0.504225050807573
6_24,0.5048378792790184,0.504225050807573
7_24,0.5221956011891888,0.5226027397260274
8_24,0.5221339237382497,0.5226027397260274
9_24,0.5211558987092997,0.5226027397260274
10_24,0.5206288499843957,0.5226027397260274
11_24,0.5214710419209796,0.5226027397260274
12_24,0.522711504887103,0.5226027397260274
13_24,0.5212503970544742,0.5226027397260274
14_24,0.5225189758408225,0.5226027397260274
15_24,0.5224188768150477,0.5226027397260274
16_24,0.5218434278956581,0.5226027397260274
17_24,0.5214523830768091,0.5226027397260274
18_24,0.4850567768944266,0.4836941627843245
19_24,0.48496277827283657,0.4836941627843245
20_24,0.4851380549016888,0.4836941627843245
21_24,0.5519820583119343,0.5503188245079013
22_24,0.551052992805222,0.5503188245079013
23_24,0.5507427918520055,0.5503188245079013
24_24,0.5506757664520574,0.5503188245079013
25_24,0.550627481417414,0.5503188245079013
26_24,0.5449324946330365,0.5433611557103167
27_24,0.48940997157500116,0.4906864733687152
28_24,0.4873014304780386,0.4854195570566534
29_24,0.48774568540972096,0.4863142093553047
30_24,0.4869056727089122,0.4878243480759033
31_24,0.4858690521314273,0.4872022188850413
32_24,0.4840793611483735,0.4853942857142857
33_24,0.48401425621187744,0.4853942857142857
34_24,0.48589869056004326,0.4853942857142857
35_24,0.4847974165088737,0.4853942857142857
36_24,0.49924475825748676,0.4981946159260931
0_25,0.4964415994453658,0.4961994743198125
1_25,0.496631825235423,0.4961994743198125
2_25,0.49820559259766517,0.4961994743198125
3_25,0.4972145884199845,0.4962142091810286
4_25,0.4955667181464723,0.4961994743198125
5_25,0.4975276525582559,0.4961994743198125
6_25,0.49710206667439294,0.4961994743198125
7_25,0.5220992373618065,0.5226027397260274
8_25,0.5224495463760633,0.5226027397260274
9_25,0.5231323786336988,0.5226027397260274
10_25,0.5212700363659412,0.5226027397260274
11_25,0.5225128812535113,0.5226027397260274
12_25,0.5229414112484573,0.5226027397260274
13_25,0.5223340274739214,0.5226027397260274
14_25,0.5218299987090484,0.5226027397260274
15_25,0.5225502825066888,0.5226027397260274
16_25,0.521916111505665,0.5226027397260274
17_25,0.5218591619047015,0.5226027397260274
18_25,0.521655453001219,0.5226027397260274
19_25,0.48326253003890024,0.4836941627843245
20_25,0.551157001711399,0.5503188245079013
21_25,0.5516254703948722,0.5503188245079013
22_25,0.5507190688861613,0.5503188245079013
23_25,0.5502199990184146,0.5503188245079013
24_25,0.5502532426907634,0.5503188245079013
25_25,0.5503797715862724,0.5503188245079013
26_25,0.45355151094604607,0.4521944462282449
27_25,0.418569276633962,0.4178913738019169
28_25,0.42034950962665785,0.4178913738019169
29_25,0.41892979441504025,0.4178913738019169
30_25,0.4192108689547339,0.4178913738019169
31_25,0.4548005450649859,0.4477492042026775
32_25,0.47868288213132787,0.4771296616509139
33_25,0.4683241350123484,0.4673306804920533
34_25,0.47177949318103596,0.4702327097733119
35_25,0.49178137395451443,0.4961712067263998
36_25,0.5072871963704082,0.5075846364697566
37_25,0.5043464089232566,0.5075973409306742
0_26,0.4963226814313924,0.4961994743198125
1_26,0.49685424158439934,0.4961994743198125
2_26,0.4979216524970978,0.4961994743198125
3_26,0.49883812853244297,0.4961994743198125
4_26,0.4964553133415333,0.4961994743198125
5_26,0.49878417988179513,0.4961994743198125
6_26,0.5742992580340868,0.5733609166136219
7_26,0.5735309934645405,0.5733609166136219
8_26,0.5230331041353098,0.5226027397260274
9_26,0.5240992733406055,0.5226027397260274
10_26,0.5226292114415045,0.5226027397260274
11_26,0.5230475583064489,0.5226027397260274
12_26,0.5232795172282672,0.5226027397260274
13_26,0.5228904590749525,0.5226027397260274
14_26,0.5230380783769546,0.5226027397260274
15_26,0.5222682090537281,0.5226027397260274
16_26,0.5231475429601635,0.5226027397260274
17_26,0.5218967588998401,0.5226027397260274
18_26,0.522028571943072,0.5226027397260274
19_26,0.5506191315188814,0.5503188245079013
20_26,0.550578422380911,0.5503188245079013
21_26,0.5498734559998228,0.5503188245079013
22_26,0.5498682387959765,0.5503188245079013
23_26,0.5497566670144182,0.5503188245079013
24_26,0.5488705184069305,0.5503188245079013
25_26,0.5495324976788498,0.5503188245079013
26_26,0.45188391510724907,0.451800690000758
27_26,0.4170715507988883,0.4178913738019169
28_26,0.41747723744587517,0.4178913738019169
29_26,0.41676150783067173,0.4178913738019169
30_26,0.4165840476997791,0.4178913738019169
31_26,0.41709903409825794,0.4178913738019169
32_26,0.4187149079003188,0.4178913738019169
33_26,0.4174644754538731,0.4178913738019169
34_26,0.42108644861197675,0.4186298127054639
35_26,0.48812662062183876,0.491426565278145
36_26,0.5066371993211245,0.5075973409306742
37_26,0.505686249319426,0.5075973409306742
38_26,0.5069816460649457,0.5075973409306742
39_26,0.5086474867073412,0.5075973409306742
0_27,0.49685957083433224,0.4961994743198125
1_27,0.4981596769665115,0.4961994743198125
2_27,0.4975203495071495,0.4961994743198125
3_27,0.49783840823442155,0.4961994743198125
4_27,0.5165596305761264,0.5197501063600849
5_27,0.5690476198364338,0.5733609166136219
6_27,0.5727474524732787,0.5733609166136219
7_27,0.5733851721803904,0.5733609166136219
8_27,0.5231306166704845,0.5226027397260274
9_27,0.523575274200231,0.5226027397260274
10_27,0.5238241256679164,0.5226027397260274
11_27,0.5215427162724949,0.5226027397260274
12_27,0.5229206181206141,0.5226027397260274
13_27,0.5231546773333997,0.5226027397260274
14_27,0.5229081049959101,0.5226027397260274
15_27,0.5218860688716195,0.5226027397260274
16_27,0.5216918312082182,0.5226027397260274
17_27,0.522456806234417,0.5226027397260274
18_27,0.5225125929627961,0.5226027397260274
19_27,0.5209960378220821,0.5226027397260274
20_27,0.550624811346186,0.5503188245079013
21_27,0.5500862771075757,0.5503188245079013
22_27,0.5508606503428222,0.5503188245079013
23_27,0.5492601598848925,0.5503188245079013
24_27,0.5491448621685436,0.5503188245079013
25_27,0.5462993956320941,0.547393087009142
26_27,0.4675211907599748,0.4691411532613949
27_27,0.41811613675842135,0.4178913738019169
28_27,0.41791886552484503,0.4178913738019169
29_27,0.4173506580552382,0.4178913738019169
30_27,0.41743290556744606,0.4178913738019169
31_27,0.41745943404531355,0.4178913738019169
32_27,0.4197667797419178,0.4178913738019169
33_27,0.41908025563287926,0.4178913738019169
34_27,0.42241724710320466,0.4210836390253386
35_27,0.4961538418182806,0.4966007650506788
36_27,0.507833944520707,0.5075973409306742
37_27,0.5072047106552633,0.5075973409306742
38_27,0.5070746980907398,0.5075973409306742
39_27,0.5084239482136441,0.5075973409306742
0_28,0.5197749304589762,0.5192236214851895
1_28,0.5194723909471517,0.519949534479191
2_28,0.5176360366683805,0.5176454514243558
3_28,0.5154870330373394,0.5165459090976674
4_28,0.5738895233285138,0.5714901734492017
5_28,0.5724594547190716,0.5733609166136219
6_28,0.573704553708616,0.5733609166136219
7_28,0.5734539807776636,0.5733609166136219
8_28,0.5729604033595402,0.5733609166136219
9_28,0.5236063783638597,0.5226027397260274
10_28,0.5233720873668206,0.5226027397260274
11_28,0.5223074810052003,0.5226027397260274
12_28,0.5220482131147265,0.5226027397260274
13_28,0.5239389557575957,0.5226027397260274
14_28,0.5229361506580448,0.5226027397260274
15_28,0.5216585842495163,0.5226027397260274
16_28,0.522744082678361,0.5226027397260274
17_28,0.5216174160090201,0.5226027397260274
18_28,0.5214419101064153,0.5226027397260274
19_28,0.521237827418442,0.5226027397260274
20_28,0.5507725046671518,0.5503188245079013
21_28,0.548902843330727,0.5503188245079013
22_28,0.5507721359717934,0.5503188245079013
23_28,0.5503725039055152,0.5503188245079013
24_28,0.5488768927094081,0.5497990171425076
25_28,0.48332128171943406,0.4800369817369773
26_28,0.4178230325810618,0.4178913738019169
27_28,0.4176514851432796,0.4178913738019169
28_28,0.41731626428611746,0.4178913738019169
29_28,0.41763391269339756,0.4178913738019169
30_28,0.4172202362216174,0.4178913738019169
31_28,0.4178668676364385,0.4178913738019169
32_28,0.4192968697189203,0.4178913738019169
33_28,0.41738466951532044,0.4178913738019169
34_28,0.43157659635054246,0.4272717500882367
35_28,0.5066975580904963,0.5075973409306742
36_28,0.5063942639736818,0.5075973409306742
37_28,0.5054493718258285,0.5075973409306742
38_28,0.5358541221176654,0.5307833067216148
39_28,0.5469272221603355,0.5458162319414299
41_28,0.6637876390861681,0.6639511201629328
0_29,0.572641665623712,0.5733609166136219
1_29,0.5735562952373574,0.5733609166136219
2_29,0.5735241923244644,0.5733609166136219
3_29,0.5748154867862844,0.5733609166136219
4_29,0.5738594202744097,0.5733609166136219
5_29,0.5707346721249884,0.5733609166136219
6_29,0.5736135884379536,0.5733609166136219
7_29,0.5744463854521199,0.5733609166136219
8_29,0.573166437258294,0.5733609166136219
9_29,0.5237122724815164,0.5226027397260274
10_29,0.5232052316208092,0.5226027397260274
11_29,0.5230072571950668,0.5226027397260274
12_29,0.5242776173378032,0.5226027397260274
13_29,0.5243735328570074,0.5226027397260274
14_29,0.5229188616879652,0.5226027397260274
15_29,0.5235619082493085,0.5226027397260274
16_29,0.5230179090820888,0.5226027397260274
17_29,0.5220071375319951,0.5226027397260274
18_29,0.5219145591394438,0.5226027397260274
19_29,0.521280775150538,0.5226027397260274
20_29,0.5499390063656783,0.5503188245079013
21_29,0.5502939081386382,0.5503188245079013
22_29,0.5499541216250453,0.5503188245079013
23_29,0.5500453703843502,0.5503188245079013
24_29,0.503924367158393,0.4981056911850979
25_29,0.42471531301412496,0.4258215465206315
26_29,0.4172450907456537,0.4178913738019169
27_29,0.416599019523966,0.4178913738019169
28_29,0.41701210054235455,0.4178913738019169
29_29,0.4214650962259824,0.4180375810500055
30_29,0.422918096762954,0.4185419893865779
31_29,0.4241575677349791,0.4186438171443454
32_29,0.42315342314027304,0.4182485646616624
33_29,0.41704092568925055,0.4178913738019169
34_29,0.44271524363623577,0.4414704743099885
35_29,0.5063909706171915,0.5075973409306742
36_29,0.5425251682714947,0.5412651170940501
37_29,0.5859400825428357,0.5858069262092938
38_29,0.6573447381372504,0.6594049721758057
39_29,0.6660550906080102,0.6639511201629328
40_29,0.664299906845452,0.6639511201629328
41_29,0.6640579575866428,0.6639511201629328
0_30,0.5729068800320466,0.5733609166136219
1_30,0.5724169956762988,0.5733609166136219
2_30,0.573107516941402,0.5733609166136219
3_30,0.5735107901546622,0.5733609166136219
4_30,0.5707459147654965,0.5733609166136219
5_30,0.570870630882656,0.5733609166136219
6_30,0.5742641149773202,0.5733609166136219
7_30,0.5736117341974527,0.5733609166136219
8_30,0.5747262526231702,0.5733609166136219
9_30,0.5244269688387087,0.5226027397260274
10_30,0.5238377498145222,0.5226027397260274
11_30,0.5233977524891043,0.5226027397260274
12_30,0.5233652046985608,0.5226027397260274
13_30,0.5243635024976018,0.5226027397260274
14_30,0.5229621719393084,0.5226027397260274
15_30,0.5223330991102898,0.5226027397260274
16_30,0.5238585060210537,0.5226027397260274
17_30,0.522046118372847,0.5226027397260274
18_30,0.5223398411349258,0.5226027397260274
19_30,0.5228947455881449,0.5226027397260274
20_30,0.41735282146559094,0.4178913738019169
21_30,0.4171152346656073,0.4178913738019169
22_30,0.41820304692687427,0.4178913738019169
23_30,0.4180466167488869,0.4178913738019169
24_30,0.41676567292916766,0.4178913738019169
25_30,0.4169184457336414,0.4178913738019169
26_30,0.41675721741967625,0.4178913738019169
27_30,0.4165728960815447,0.4178913738019169
28_30,0.41567632203434585,0.4179134397864078
29_30,0.4193085145033497,0.4188155855260226
30_30,0.41862764080298376,0.4190853122251539
31_30,0.4186871105451171,0.4190853122251539
32_30,0.41914450278793974,0.4190801317059616
33_30,0.4177904544195861,0.4180979321881298
34_30,0.47997204628664975,0.4768090599955927
35_30,0.5082969139114292,0.5075973409306742
36_30,0.5785445784335993,0.5759565582880684
37_30,0.654929966229137,0.6565599314805904
38_30,0.6648833510083687,0.6639511201629328
39_30,0.6662731743753022,0.6639511201629328
40_30,0.6651136074403698,0.6639511201629328
41_30,0.6648725238923832,0.6639511201629328
0_31,0.5728673202039513,0.5733609166136219
1_31,0.5732774860542509,0.5733609166136219
2_31,0.5726342723010205,0.5733609166136219
3_31,0.5747953254799731,0.5733609166136219
4_31,0.5683067729506558,0.5733609166136219
5_31,0.5750031595546596,0.5733609166136219
6_31,0.5738970823588839,0.5733609166136219
7_31,0.5739430778947415,0.5733609166136219
8_31,0.573875558021196,0.5733609166136219
9_31,0.5236227101590926,0.5226027397260274
10_31,0.5239664605055873,0.5226027397260274
11_31,0.5242762333663309,0.5226027397260274
12_31,0.5233806022692469,0.5226027397260274
13_31,0.5228943093095093,0.5226027397260274
14_31,0.5228603279894507,0.5226027397260274
15_31,0.5231463413090561,0.5226027397260274
16_31,0.5229865796782431,0.5226027397260274
17_31,0.5223859096572758,0.5226027397260274
18_31,0.522009419728084,0.5226027397260274
19_31,0.4196718566439884,0.4178913738019169
20_31,0.4186643667687755,0.4178913738019169
21_31,0.41863361378948655,0.4178913738019169
22_31,0.4177760918881502,0.4178913738019169
23_31,0.41851098358522965,0.4178913738019168
24_31,0.41724595256574903,0.4178913738019169
25_31,0.41679078012709986,0.4178913738019169
26_31,0.4170657210621055,0.4178913738019169
27_31,0.4166279633142628,0.4178913738019169
28_31,0.41739410723721626,0.4181041749436532
29_31,0.4186291885398691,0.4190853122251539
30_31,0.4180482589104143,0.4190853122251539
31_31,0.41877751284161285,0.4190853122251539
32_31,0.41853911963298723,0.4190853122251539
33_31,0.4198824504164024,0.4197781863413967
34_31,0.5231462672658156,0.5187483346844922
35_31,0.537889550937796,0.5344278540149301
36_31,0.5890213143480956,0.588153694136049
37_31,0.6072925792522605,0.6097515057008025
38_31,0.6163483638959756,0.6203991055955339
39_31,0.6471114206676332,0.6509737543970089
40_31,0.6166603784841831,0.6176
0_32,0.5731811149346978,0.5733609166136219
1_32,0.5718062782113102,0.5733609166136219
4_32,0.5740240801059335,0.5733609166136219
5_32,0.5745998811548378,0.5733609166136219
6_32,0.573747811480176,0.5733609166136219
7_32,0.5734321513601935,0.5733609166136219
8_32,0.5735673935534024,0.5733609166136219
9_32,0.5234774343754174,0.5226027397260274
10_32,0.5232638508005668,0.5226027397260274
11_32,0.5239266367107127,0.5226027397260274
12_32,0.5223059056640086,0.5226027397260274
13_32,0.5234229608992118,0.5226027397260274
14_32,0.522628392187755,0.5226027397260274
15_32,0.5240728834306321,0.5226027397260274
16_32,0.523468894213884,0.5226027397260274
17_32,0.522256943154539,0.5226027397260274
18_32,0.5216092314507917,0.5226027397260274
19_32,0.41907431901161835,0.4178913738019169
20_32,0.41934731805894054,0.4178913738019169
21_32,0.41932417797804866,0.4178913738019169
22_32,0.4170081865077254,0.4178913738019169
23_32,0.41584261737559963,0.4178913738019169
24_32,0.4180095772529075,0.4178913738019169
25_32,0.41726821173538314,0.4178913738019169
26_32,0.4171495578552788,0.4178913738019169
27_32,0.416464396694298,0.4178942214639143
28_32,0.42172975173628185,0.4188112540125259
29_32,0.4184313621671509,0.4190853122251539
30_32,0.41871950751636394,0.4190853122251539
31_32,0.41933508078996656,0.4190853122251539
32_32,0.4189480698672431,0.4190853122251539
33_32,0.41846724777006405,0.4190853122251539
34_32,0.569908467089931,0.56575347367524
35_32,0.6076231021945301,0.6066190297104175
36_32,0.6079416995307021,0.6066190297104175
37_32,0.6082338083946079,0.6069743310534931
38_32,0.6101074614577451,0.6132364350981984
39_32,0.6175750975438279,0.6176
40_32,0.6182289061546813,0.6176
41_32,0.617999472941418,0.6176
20_33,0.41820266304040066,0.4178913738019169
21_33,0.41832567068893645,0.4178913738019169
22_33,0.41845424713840274,0.4178913738019169
23_33,0.4173614804847421,0.4178913738019169
24_33,0.4164222049174764,0.4178913738019169
25_33,0.4169900578360239,0.4179723109548501
26_33,0.4224805382268099,0.4182786214131553
27_33,0.419251757047813,0.418834385004689
28_33,0.4181408737009695,0.4190853122251539
29_33,0.4186466585511101,0.4190853122251539
30_33,0.41856995157248744,0.4190853122251539
31_33,0.417925954352465,0.4190853122251539
32_33,0.4187684851810394,0.4190853122251539
33_33,0.4907806694246997,0.4967556340138135
34_33,0.5996123837818003,0.5993373079892804
35_33,0.6056422649215584,0.6066190297104175
36_33,0.6062358570199369,0.6070281662557636
37_33,0.6148582857704954,0.6161872381005962
38_33,0.6177703341536688,0.6176
39_33,0.6176820775403908,0.6176
40_33,0.6192386048963319,0.6176
41_33,0.6179393959768624,0.6176
21_34,0.4208555886310253,0.4178913738019169
22_34,0.41714571105128684,0.4178913738019169
23_34,0.41666730751630937,0.4178913738019169
24_34,0.41826613086169984,0.4179886192625006
25_34,0.4172892275748022,0.4189842245266335
26_34,0.41895857146624876,0.4190853122251539
27_34,0.41897293210382114,0.4190853122251539
28_34,0.41694974062341483,0.4190853122251539
29_34,0.4176726098633427,0.4190853122251539
30_34,0.4183916286872475,0.4190853122251539
31_34,0.4076953122274567,0.4070741975601323
32_34,0.37508628733781,0.3653689158345423
33_34,0.42458740154030256,0.4222693039608581
34_34,0.44083090848903295,0.4432487414778607
35_34,0.4393914193691657,0.4427670109137247
36_34,0.48679659478602094,0.4931512173516625
37_34,0.6163038388232218,0.6161901464822145
38_34,0.6179896878454482,0.6176
39_34,0.6185135070667631,0.6176
40_34,0.6183952515961745,0.6176
41_34,0.6187820964452958,0.6176
42_34,0.6183169242121964,0.6176
43_34,0.6184313266579997,0.6176
21_35,0.418763104189481,0.4178913738019169
22_35,0.4197202525421763,0.4178913738019169
23_35,0.4182704181770942,0.4178913738019169
24_35,0.4185090200589291,0.4178913738019169
25_35,0.4201624793613391,0.4190853122251539
26_35,0.4190451792668217,0.4190853122251539
27_35,0.41805930532455976,0.4190853122251539
28_35,0.42461444722790775,0.4262205527417394
29_35,0.4907515330578052,0.4849477495795491
30_35,0.47778631924428994,0.4751281176283891
31_35,0.424467609096344,0.4194459570741181
32_35,0.33880268278485426,0.3406266882766072
33_35,0.3399757707485604,0.3406266882766072
34_35,0.3395362192985609,0.3406266882766072
35_35,0.3407924916949282,0.3406266882766072
36_35,0.36041228383174917,0.3617217696577814
37_35,0.616925157137983,0.617594248585844
38_35,0.617571420811957,0.6176
39_35,0.6175454822470057,0.6176
40_35,0.617940175058721,0.6176
41_35,0.6184758509696031,0.6176
42_35,0.6185803886452149,0.6176
43_35,0.6183186788287138,0.6176
21_36,0.4196894015238568,0.4178913738019169
22_36,0.4170552339625097,0.4178913738019169
23_36,0.4166160981495275,0.4178913738019169
24_36,0.41701912863782364,0.4178913738019169
25_36,0.4203611908915722,0.4190853122251539
26_36,0.4200738707414064,0.4190853122251539
27_36,0.42008500419271294,0.4190853122251539
28_36,0.5051898725831914,0.5035858444159487
29_36,0.5134482523437524,0.5125152625152625
30_36,0.5135201305216868,0.5125152625152625
31_36,0.5122752540041198,0.5105679961710428
32_36,0.45425776483208025,0.4450821424278
33_36,0.3810573436622048,0.3768293404919978
34_36,0.34011257833994213,0.3406883709135354
35_36,0.33944260033400125,0.3406266882766072
36_36,0.3415443186565432,0.3428478440521624
37_36,0.5976104459485064,0.5896515127591828
38_36,0.5983932131536353,0.6034773308733863
22_37,0.4183601220945524,0.4178913738019169
23_37,0.41813255485607137,0.4178913738019169
24_37,0.41667327524807163,0.4178913738019169
25_37,0.41954543469403877,0.4190853122251539
26_37,0.41967102475811646,0.4190853122251539
27_37,0.5120477636727079,0.5125152625152625
28_37,0.5125669699399766,0.5125152625152625
29_37,0.5131151685853691,0.5125152625152625
30_37,0.5127083773857674,0.5125152625152625
31_37,0.5132000389066697,0.5125152625152625
32_37,0.5130217851621908,0.5125152625152625
33_37,0.5130133589456958,0.5125152625152625
34_37,0.4878490799816194,0.4847633804340244
35_37,0.3677826697568196,0.3656930901106128
36_37,0.37054588520304327,0.3681709427870237
37_37,0.49333425645059414,0.4919409780053267
38_37,0.5108805553096806,0.5138717541975754
39_37,0.5109835467054094,0.5125152625152625
40_37,0.5109770856400742,0.5125152625152625
24_38,0.41709617968244267,0.4178913738019169
25_38,0.4194575689126943,0.4190853122251539
26_38,0.5125670590783984,0.5125152625152625
27_38,0.5121057922498956,0.5125152625152625
28_38,0.5124918889150685,0.5125152625152625
29_38,0.5137309550115884,0.5125152625152625
30_38,0.5133165117981846,0.5125152625152625
31_38,0.513947372571357,0.5125152625152625
32_38,0.5131053577874005,0.5125152625152625
33_38,0.5126212078463857,0.5125152625152625
34_38,0.511518879324056,0.5125152625152625
35_38,0.5106279693096818,0.5115408104221512
36_38,0.5100937805351747,0.5101540069256701
37_38,0.510048878380847,0.5125152625152625
38_38,0.5089219940374985,0.5093902118783984
39_38,0.46976561571552344,0.4700773387704434
40_38,0.4659772851388935,0.4666843642155561
25_39,0.511362930494999,0.5125152625152625
26_39,0.5119728755914325,0.5125152625152625
27_39,0.5119041694661869,0.5125152625152625
28_39,0.5133607274656976,0.5125152625152625
29_39,0.5123803464872495,0.5125152625152625
30_39,0.5134237898419565,0.5125152625152625
31_39,0.5137123825195136,0.5125152625152625
32_39,0.5121175502198787,0.5125152625152625
33_39,0.512954441851032,0.5125152625152625
34_39,0.5120427069113431,0.5125152625152625
35_39,0.5124707583682527,0.5129347931964005
36_39,0.5114707383297118,0.5129797605959453
37_39,0.498695606355867,0.4974812328407068
38_39,0.47495748002051885,0.47368326961861
39_39,0.46501663434390705,0.4666843642155561
40_39,0.4650284744144367,0.4666843642155561
26_40,0.5111457549110207,0.5125152625152625
27_40,0.5116817608439734,0.5125152625152625
28_40,0.5130215003803937,0.5125152625152625
29_40,0.5119989056391018,0.5125152625152625
30_40,0.5126390916269359,0.5125152625152625
31_40,0.5135113295555874,0.5125152625152625
32_40,0.5127916985665484,0.5135143402068312
33_40,0.5267595930725244,0.5325392076632145
34_40,0.5481398805328817,0.5509458134522849
35_40,0.5619319982019739,0.5621601601569741
36_40,0.5570520987529108,0.5602181218950589
37_40,0.47240141818676507,0.4731782274117887
38_40,0.46797098957823696,0.4666843642155561
39_40,0.46622667938274404,0.4666843642155561
40_40,0.46615347054116363,0.4666843642155561
26_41,0.5120834558643043,0.5125152625152625
27_41,0.5100764348450469,0.5125152625152625
28_41,0.5131369200065484,0.5125152625152625
29_41,0.5128580057450666,0.5125152625152625
30_41,0.5134514381319654,0.5125152625152625
31_41,0.5327326828785766,0.5362464404812264
32_41,0.5575773618150714,0.5591225247677006
33_41,0.5646603257422105,0.5624784853700516
34_41,0.5646136831716826,0.5624784853700516
35_41,0.563044856050964,0.5615303258523123
36_41,0.5401390874617982,0.5435155987040543
37_41,0.5133619969062145,0.5114952588337809
38_41,0.4809444436924297,0.4822930568321847
39_41,0.466833457526037,0.4666843642155561
40_41,0.4663224952379978,0.4666843642155561
41_41,0.46641325435294606,0.4666843642155561
42_41,0.466052179417256,0.4666843642155561
27_42,0.5115966683763844,0.5125152625152625
28_42,0.5133761780515035,0.5125152625152625
29_42,0.5118908658558803,0.5125152625152625
30_42,0.5129932475377554,0.5125152625152625
31_42,0.5142202354240929,0.5189907256134021
32_42,0.5591159440973417,0.5601585704537643
33_42,0.5653085682073992,0.5624784853700516
34_42,0.5547042452432016,0.5538667237961958
35_42,0.53227007371865,0.5316995334797069
36_42,0.5239770757774425,0.5246428571428572
37_42,0.5236954185481493,0.5246428571428572
38_42,0.5159911158968732,0.515583629801501
39_42,0.4676286137026954,0.466770743827416
40_42,0.46561580278565046,0.4666843642155561
41_42,0.4657103524500122,0.4666843642155561
42_42,0.46541988326616796,0.4666843642155561
27_43,0.5124040684891727,0.5125152625152625
28_43,0.512510008264908,0.5125152625152625
29_43,0.5133462661847997,0.5125152625152625
30_43,0.5132244089678957,0.5125152625152625
31_43,0.5134596841007643,0.5125152625152625
32_43,0.5453879698189315,0.5466327237694983
33_43,0.5433483452760818,0.5442122543137355
34_43,0.524839410872285,0.5254224648288014
35_43,0.523734530345373,0.5246428571428572
36_43,0.5241662154006647,0.5246428571428572
37_43,0.5238210942837063,0.5246428571428572
38_43,0.5170471135884472,0.514420628672638
39_43,0.47208882505036365,0.4719400788051295
40_43,0.4663829473592949,0.4666843642155561
41_43,0.48512951685201744,0.4771815899981805
42_43,0.555128453816364,0.5500024597032886
27_44,0.5116740443934331,0.5125152625152625
28_44,0.5126698576520021,0.5125152625152625
29_44,0.511127601431578,0.5125152625152625
30_44,0.5125594850671873,0.5125152625152625
31_44,0.5657915658455576,0.5624784853700516
32_44,0.5600950725928265,0.5609326942393645
33_44,0.525669618931856,0.5260717442053842
34_44,0.5239001809148528,0.5246428571428572
35_44,0.5238610386936208,0.5246428571428572
36_44,0.5241207791934013,0.5246428571428572
37_44,0.5238939447393979,0.5246428571428572
38_44,0.5241332859758873,0.52464462305071
39_44,0.5372106384484534,0.5288398025517432
40_44,0.5567969740754195,0.5553079345609182
41_44,0.5967406973341339,0.5941287529966558
42_44,0.6119500668972407,0.6123529411764705
27_45,0.5114050965784767,0.5125152625152625
28_45,0.5122888626897684,0.5125152625152625
29_45,0.5126538876399956,0.5125152625152625
30_45,0.5635179062168576,0.5624784853700516
31_45,0.5583384962561687,0.5624784853700516
32_45,0.5541018058488322,0.554131911267436
33_45,0.5257062888121021,0.5259680389276412
34_45,0.5238065649886986,0.5246428571428572
35_45,0.5235953332014994,0.5246428571428572
36_45,0.5241459583905651,0.5246428571428572
37_45,0.5242796619987229,0.5294313718051694
38_45,0.579240635879316,0.5791290299625882
39_45,0.6114202023056372,0.6123529411764705
40_45,0.6109639226080346,0.6123529411764705
41_45,0.611537662783056,0.6123529411764705
42_45,0.6126645833183257,0.6123529411764705
30_46,0.5605980334533419,0.5624784853700516
31_46,0.5654393159378889,0.5624784853700516
32_46,0.524101288255309,0.5246428571428572
33_46,0.5240943887666952,0.5246428571428572
34_46,0.5238790650369879,0.5246428571428572
35_46,0.5240113488150636,0.5246428571428572
36_46,0.5241676409926537,0.5248157423377006
37_46,0.5834166278191731,0.5811147580410537
38_46,0.6115530230305865,0.6123529411764705
39_46,0.6115146865389259,0.6123529411764705
40_46,0.611389875012381,0.6123529411764705
41_46,0.6118650614288699,0.6123529411764705
42_46,0.6126043075668848,0.6123529411764705
43_46,0.6113978138907268,0.6123529411764705
31_47,0.5240118720939078,0.5246428571428572
32_47,0.5245915885715661,0.5246428571428572
33_47,0.5257098873859116,0.5246428571428572
34_47,0.5242401704156571,0.5246428571428572
35_47,0.5247483143764519,0.5246428571428572
36_47,0.5614027056485249,0.5605658912890137
37_47,0.6087225317943549,0.6092534004348903
38_47,0.5822030470366477,0.5848677867254172
39_47,0.5494966916491363,0.5450985714265404
40_47,0.5545002856847341,0.5551329728915622
41_47,0.6013900726621975,0.5997868962326353
42_47,0.6139179231685425,0.6150745482993614
43_47,0.6124688354123694,0.6136320464870161
30_48,0.5246704221323939,0.5246428571428572
31_48,0.5236979118706138,0.5246428571428572
32_48,0.5251416781907178,0.5246428571428572
33_48,0.5246889836863738,0.5246428571428572
34_48,0.5214385442302125,0.5243791822393871
35_48,0.48928824664150017,0.4882098290386296
36_48,0.4617231632167242,0.4644271155298363
37_48,0.4786331625351786,0.4748736014542928
38_48,0.44791012535345603,0.448496140537663
39_48,0.4492946498924781,0.448496140537663
40_48,0.44892139042304624,0.448496140537663
41_48,0.49592792098644556,0.5032222795033906
42_48,0.6410242375092909,0.6423076923076924
43_48,0.6429007717667148,0.6423076923076924
30_49,0.5463796100730267,0.5469912102772143
31_49,0.5471597220746347,0.5469912102772143
32_49,0.5472732998887395,0.5469912102772143
33_49,0.5474186626833081,0.5469912102772143
34_49,0.4871667343184442,0.4835682786269586
35_49,0.4607920382567297,0.4664150674397683
36_49,0.4488430077774873,0.4492399329269916
37_49,0.44960825913498403,0.448496140537663
38_49,0.44799465053307186,0.448496140537663
39_49,0.44804127752464556,0.448496140537663
40_49,0.44791690787593297,0.448496140537663
41_49,0.5485225280827539,0.5472922289237658
42_49,0.6430344888583441,0.6423076923076924
43_49,0.6435599857628068,0.6423076923076924
47_49,0.6417823538528313,0.6423076923076924
30_50,0.5461312178473238,0.5469912102772143
31_50,0.5468978007574858,0.5469912102772143
32_50,0.5469950530365527,0.5469912102772143
33_50,0.5455538904854106,0.5469912102772143
34_50,0.5477302157997744,0.5469912102772143
35_50,0.545577145156996,0.5469910876941673
36_50,0.5457250658503374,0.5461387379129236
37_50,0.5128920072433473,0.5144759796900797
38_50,0.4480643349782899,0.4500463209768567
39_50,0.4476753985914997,0.448496140537663
40_50,0.444143774207354,0.4408158327831553
41_50,0.5794533621081378,0.5791594962539623
42_50,0.6419611519084127,0.6423076923076924
43_50,0.6434157564132754,0.6423076923076924
45_50,0.6419418818880327,0.6423076923076924
46_50,0.6436911910850616,0.6423076923076924
47_50,0.6418273994910039,0.6423076923076924
48_50,0.6250393388154432,0.6303069905830889
49_50,0.6234674239359815,0.6243282852955545
29_51,0.5461835149720901,0.5469912102772143
30_51,0.5468441693339899,0.5469912102772143
31_51,0.5468872015216024,0.5469912102772143
32_51,0.5450663834600761,0.5469912102772143
33_51,0.5466883001009422,0.5469912102772143
34_51,0.54695824233393,0.5469912102772143
35_51,0.5463281245619386,0.5469912102772143
36_51,0.5464390130972517,0.5469912102772143
37_51,0.5440828890544622,0.5453643298492536
38_51,0.44670450264542405,0.4472906318074611
39_51,0.4097370013318157,0.4024880999543048
40_51,0.3753083222769791,0.3753870268813631
41_51,0.3712776407014131,0.3687954455390316
42_51,0.48496145983359007,0.4853830345138405
43_51,0.5233671095751605,0.5175548292327365
45_51,0.6244284685634274,0.6243282852955545
46_51,0.6248152354652738,0.6243282852955545
47_51,0.6253304537986926,0.6268834642341624
48_51,0.6249371627569986,0.6243283045677291
49_51,0.6243277635125162,0.6243282852955545
29_52,0.5465832106811428,0.5469912102772143
30_52,0.5473026551684183,0.5469912102772143
31_52,0.5457389134333963,0.5469912102772143
32_52,0.5475181000006896,0.5469912102772143
33_52,0.5466681308837518,0.5469912102772143
34_52,0.5463918724346499,0.5469912102772143
35_52,0.5464845241956736,0.5469912102772143
36_52,0.5464711819446583,0.5469912102772143
37_52,0.5460249299592873,0.5469912102772143
38_52,0.4343390008988217,0.43518234764345
39_52,0.3678844258953631,0.3676572218382861
40_52,0.3659541458061446,0.3676572218382861
41_52,0.36537820589151515,0.3676572218382861
42_52,0.3662205703807191,0.3676572218382861
43_52,0.3706626529670094,0.3702695785608894
44_52,0.4462774840979654,0.443729607180515
45_52,0.4886418775277851,0.4906398910823689
46_52,0.6215337984574286,0.6222411715469532
47_52,0.6235381908629813,0.6243282852955545
48_52,0.6241483903041782,0.6243282852955545
49_52,0.6253872612313527,0.6243282852955545
50_52,0.6245335265564089,0.6243282852955545
51_52,0.6263840721329932,0.6243282852955545
29_53,0.5469911524732691,0.5469912102772143
30_53,0.5466982677818327,0.5469912102772143
31_53,0.5474237551241397,0.5469912102772143
32_53,0.5477488756336724,0.5469912102772143
33_53,0.5480464835242677,0.5469912102772143
34_53,0.5462578834953423,0.5469912102772143
35_53,0.5465945243917806,0.5469912102772143
36_53,0.5469400535150766,0.5469912102772143
37_53,0.5467044682199383,0.5469912102772143
38_53,0.5195333818327736,0.5116566268177044
39_53,0.40569557110886356,0.4046208043891312
40_53,0.42693647880291663,0.4202739479109761
41_53,0.47493754282224454,0.4672105384488207
42_53,0.4380079750692991,0.4372696088071753
43_53,0.4729800943058469,0.4700821621876538
44_53,0.4884717558809169,0.4906398910823689
45_53,0.4893042440027351,0.4906398910823689
46_53,0.524401777600367,0.5303017166457523
47_53,0.622927895984856,0.6243282852955545
48_53,0.624775456555428,0.6243282852955545
49_53,0.6227790088476273,0.6243282852955545
50_53,0.6233041859311759,0.6243282852955545
51_53,0.6250401974135684,0.6243282852955545
28_54,0.5460161467069837,0.5469912102772143
29_54,0.5487364644344515,0.5469912102772143
30_54,0.5461141006274237,0.5469912102772143
31_54,0.5473059838774936,0.5469912102772143
32_54,0.5477798468167795,0.5469912102772143
33_54,0.5474863597283192,0.5469912102772143
34_54,0.5476154578893135,0.5469912102772143
35_54,0.5466677163822932,0.5469912102772143
36_54,0.5468796151883666,0.5469912102772143
37_54,0.5469135689030689,0.5469912102772143
38_54,0.5470322890359746,0.5469912102772143
39_54,0.5441169428006312,0.543534228507291
40_54,0.4918847614355634,0.4924937088268883
41_54,0.4861698467702649,0.4857197473195379
42_54,0.48912730828690537,0.4906398910823689
43_54,0.48994327787607483,0.4906398910823689
44_54,0.4896083759231392,0.4906398910823689
45_54,0.4902583646601328,0.4906398910823689
46_54,0.48972911722438844,0.4908010875434024
47_54,0.6063493755739894,0.6015340598369239
48_54,0.6244117205562866,0.6243282852955545
49_54,0.6253581419713702,0.6243282852955545
50_54,0.6233887014280456,0.6243282852955545
51_54,0.6253962674941548,0.6243282852955545
52_54,0.6260771036849377,0.6243282852955545
29_55,0.5477104687536396,0.5469912102772143
30_55,0.5457465622525928,0.5469912102772143
31_55,0.5481327833278842,0.5469912102772143
32_55,0.5479096239614342,0.5469912102772143
33_55,0.5484839556156454,0.5469912102772143
34_55,0.5473368823167544,0.5469912102772143
35_55,0.5485336671833483,0.5469912102772143
36_55,0.536416499372338,0.5383388082756179
37_55,0.5222381712772917,0.5225632248441148
38_55,0.5069183850107816,0.5116740101880932
39_55,0.493387903792768,0.4960819080878159
40_55,0.48222372313126816,0.4823974396275822
41_55,0.4886925389637444,0.4872807705965738
42_55,0.49010755864772604,0.4906398910823689
43_55,0.48886654637613014,0.4906318447828791
44_55,0.4882907513261296,0.489818181030466
45_55,0.48664914920763086,0.4861043796579988
46_55,0.48723553498814887,0.4854394861344676
47_55,0.5764480247350264,0.5769871538953224
48_55,0.6246634512538631,0.6243282852955545
49_55,0.6237364313966509,0.6243282852955545
50_55,0.6234090591183942,0.6243282852955545
51_55,0.6241560387979084,0.6243282852955545
52_55,0.6258157759472458,0.6243282852955545
53_55,0.6372582219039103,0.6375864543351695
55_55,0.6501008054223225,0.6498545101842871
56_55,0.6498703794363968,0.6498545101842871
29_56,0.5460959615626593,0.5469912102772143
30_56,0.5455445094423046,0.5469912102772143
31_56,0.5473804161564357,0.5469912102772143
32_56,0.5432755390567596,0.5438738033352527
33_56,0.5308355644172664,0.5304490067143437
34_56,0.5073175583157268,0.5101634503225785
35_56,0.4895262686072879,0.4897550447053099
36_56,0.4828344157636499,0.4826567680783301
37_56,0.4825260653164002,0.4823974396275822
38_56,0.48238670325007676,0.4823974396275822
39_56,0.4823402055733005,0.4823974396275822
40_56,0.4823573336237573,0.4823974396275822
41_56,0.48237237514964926,0.4824028707131994
42_56,0.48667540467672443,0.4838084170171417
43_56,0.4855843328953028,0.4826843682229729
44_56,0.4851200133171949,0.4837566381134519
45_56,0.4830682327853833,0.4823974396275822
46_56,0.4963408349068531,0.4996995334127438
47_56,0.6100649296106795,0.6116877344299851
48_56,0.6246535822357546,0.6243282852955545
49_56,0.6248282324924218,0.6243282852955545
50_56,0.6249580523332021,0.6243682947909913
51_56,0.6317088421545711,0.6322262679124309
52_56,0.6406654885534344,0.6435067431368572
53_56,0.648917631880539,0.6498387567018745
55_56,0.6498859917972627,0.6498545101842871
56_56,0.6501588590825433,0.6498545101842871
29_57,0.4822877492152088,0.4823974396275822
30_57,0.48995091025861287,0.4900815076918867
31_57,0.4880251836711106,0.4883301720788898
32_57,0.4841304491010824,0.4827955029344091
33_57,0.4824725210212251,0.4823974396275822
34_57,0.48183534852032417,0.4823974396275822
35_57,0.4821331107462103,0.4823974396275822
36_57,0.4826393031778448,0.4823974396275822
37_57,0.4826954563224827,0.4823974396275822
38_57,0.4827260769669416,0.4823974396275822
39_57,0.4822906199843969,0.4823974396275822
40_57,0.48212698413586186,0.4823974396275822
41_57,0.48219729423426533,0.4823974396275822
42_57,0.48211999139869266,0.4823974396275822
43_57,0.48195002275796656,0.4823974396275822
44_57,0.4820317205527738,0.4823974396275822
45_57,0.48242176076446064,0.4827732005097421
46_57,0.5313686130827512,0.538543885327623
47_57,0.6122876168116871,0.6147987874996595
48_57,0.6247043678557235,0.6243282852955545
49_57,0.6229883116537761,0.6243282852955545
50_57,0.6317301038132266,0.6333089303521753
51_57,0.6497451346743082,0.6498545101842871
52_57,0.6505075568480919,0.6498545101842871
53_57,0.6502026655520715,0.6498545101842871
29_58,0.48310368143964383,0.4823974396275822
30_58,0.48373633884480843,0.4823974396275822
31_58,0.4827120685584136,0.4823974396275822
32_58,0.48298219083779886,0.4823974396275822
33_58,0.48270413588815336,0.4823974396275822
34_58,0.4822504350394653,0.4823974396275822
35_58,0.4829459211826888,0.4823974396275822
36_58,0.48208520721569126,0.4823974396275822
37_58,0.48234593363568806,0.4823974396275822
38_58,0.48239907393063647,0.4823974396275822
39_58,0.482487471997502,0.4823974396275822
40_58,0.4823538062312375,0.4823974396275822
41_58,0.4818620492912808,0.4823974396275822
42_58,0.4820447691493541,0.4823974396275822
43_58,0.48201219213795143,0.4823974396275822
44_58,0.4820829873375961,0.4823974396275822
45_58,0.49209455884406955,0.4970349155207652
46_58,0.6021620816775687,0.5995877438449956
47_58,0.6193289313826877,0.6199849172601191
48_58,0.6247532298563869,0.6243282852955545
49_58,0.6230011991327978,0.6243360717800145
50_58,0.6384386069008781,0.6440390189788194
51_58,0.6505532527167052,0.6498545101842871
52_58,0.6505613889058405,0.6498545101842871
53_58,0.6507438489364054,0.6498545101842871
54_58,0.6509375385345536,0.6498545101842871
58_58,0.649887026841767,0.6498545101842871
30_59,0.4817581811486228,0.4823974396275822
31_59,0.4826166459063422,0.4823974396275822
32_59,0.482399147153838,0.4823974396275822
33_59,0.4822316394056538,0.4823974396275822
34_59,0.48200563687682463,0.4823974396275822
35_59,0.48187794105135684,0.4823974396275822
36_59,0.4818699710518807,0.4823974396275822
37_59,0.4823370439022707,0.4823974396275822
38_59,0.4823745565111611,0.4823974396275822
39_59,0.4824976062511268,0.4823974396275822
40_59,0.4823984592977453,0.4823974396275822
41_59,0.48221037037571446,0.4823974396275822
42_59,0.48191631799230666,0.4823974396275822
43_59,0.4819307597326107,0.4823974396275822
44_59,0.48616858166218374,0.4856980121365236
45_59,0.5031342766614603,0.5018538843397783
46_59,0.5207265111211989,0.5208116545265349
47_59,0.6018288925542139,0.5974124524025715
48_59,0.6247318475782269,0.6243282852955545
49_59,0.6311792711061226,0.6334954786674685
50_59,0.6496791341086945,0.6498545101842871
51_59,0.650165409600497,0.6498545101842871
52_59,0.6506023830818145,0.6498545101842871
53_59,0.6507550584524524,0.6498545101842871
54_59,0.6508174167048928,0.6498545101842871
55_59,0.6492369984424121,0.6498545101842871
58_59,0.6497118170880871,0.6498545101842871
30_60,0.48250581843809165,0.4823974396275822
31_60,0.4819518233860183,0.4823974396275822
32_60,0.4823811349233544,0.4823974396275822
33_60,0.48209822828461496,0.4823974396275822
34_60,0.4818265528279244,0.4823974396275822
35_60,0.4820245599521828,0.4823974396275822
36_60,0.4820409584614928,0.4823974396275822
37_60,0.48239528036923207,0.4823974396275822
38_60,0.48279556287815617,0.4823974396275822
39_60,0.4824276879160465,0.4823974396275822
40_60,0.4821009615365459,0.4823974396275822
41_60,0.48212781654516895,0.4823974396275822
42_60,0.48200719275152276,0.4823974396275822
43_60,0.4891461416597928,0.4891595418555959
44_60,0.5210157040864417,0.5200365611247167
45_60,0.5215825588749714,0.5208116545265349
46_60,0.5204301793522469,0.5208116545265349
47_60,0.5313198913441008,0.5319514451736924
48_60,0.6088969971381176,0.6045765403222563
49_60,0.6259869893398755,0.6244349480183677
50_60,0.6499085487881987,0.6498545101842871
51_60,0.6505023031287583,0.6498545101842871
52_60,0.6495564077449186,0.6498545101842871
30_61,0.4818006604657088,0.4823974396275822
31_61,0.48254245517653266,0.4823974396275822
32_61,0.4821442885675345,0.4823974396275822
33_61,0.4826615978630399,0.4823974396275822
34_61,0.48238146934788956,0.4823974396275822
35_61,0.48219508720493365,0.4823974396275822
36_61,0.4825383623309274,0.4823974396275822
37_61,0.48304398974889395,0.4823974396275822
38_61,0.4838130302296788,0.4823974396275822
39_61,0.48226328255372125,0.4823974396275822
40_61,0.48241218981506534,0.4823974396275822
41_61,0.4825539298512387,0.4823974396275822
42_61,0.48277664366570855,0.4823974396275822
43_61,0.5059853316215203,0.5051640227482135
44_61,0.5216975419964976,0.5208116545265349
45_61,0.5214850978765186,0.5208116545265349
46_61,0.5202546301979479,0.5208116545265349
47_61,0.5216138595581503,0.5208116545265349
48_61,0.5626929285695195,0.5623314875928029
49_61,0.6241711520701576,0.6243282852955545
50_61,0.623921830846263,0.6243282852955545
52_61,0.6495587068725859,0.6498545101842871
31_62,0.48205733718232385,0.4823974396275822
32_62,0.4826611811439678,0.4823974396275822
33_62,0.48228283493441915,0.4823974396275822
34_62,0.48271672337782273,0.4823974396275822
35_62,0.4821701530904028,0.4823974396275822
36_62,0.4825965017203806,0.4823974396275822
37_62,0.4828776165622145,0.4823974396275822
38_62,0.483474606327624,0.4823974396275822
39_62,0.48270277648493154,0.4823974396275822
40_62,0.48749490593236916,0.4866561863778642
41_62,0.4879978904275003,0.4889602805983887
42_62,0.4989558804233478,0.5012334981454986
43_62,0.5203070377602372,0.5212769352440235
44_62,0.5400410863218451,0.5382560499610359
45_62,0.5441248011250291,0.5443059074111646
46_62,0.5437113054931705,0.5442323248548373
47_62,0.5551135537191855,0.5559717611864099
48_62,0.5443184662547828,0.5468463113653463
49_62,0.5360236026390955,0.5367354490893217
50_62,0.5210914203350215,0.5208116545265349
31_63,0.48260598927365644,0.4823974396275822
32_63,0.48220794239603787,0.4823974396275822
33_63,0.4826650609523342,0.4823974396275822
34_63,0.48250284625310363,0.4823974396275822
35_63,0.48248702935807103,0.4823974396275822
36_63,0.48241437399770093,0.4823974396275822
37_63,0.4825175743973027,0.4823974396275822
38_63,0.48834225966121464,0.4886047857063176
39_63,0.5062694654952046,0.5083636101084111
40_63,0.5220938851630608,0.5206763656027615
41_63,0.5257202786029177,0.525739141006413
42_63,0.5547682424220334,0.5585704504070661
43_63,0.5659897433079588,0.5711438525482213
44_63,0.580108105475667,0.579651261215507
45_63,0.5797767004398502,0.579651261215507
46_63,0.5799372150084368,0.579651261215507
47_63,0.5800717982653188,0.579651261215507
48_63,0.5789349737047255,0.579651261215507
49_63,0.579783678750196,0.579651261215507
32_64,0.48260067981219595,0.4823974396275822
33_64,0.48270601344277464,0.4823974396275822
34_64,0.4822772326494228,0.4823974396275822
35_64,0.48227820753735084,0.4823974396275822
36_64,0.4821755014700969,0.4823974396275822
37_64,0.48915275717883816,0.4898633322345515
38_64,0.5207785099225836,0.5197426247081781
39_64,0.5208960830931679,0.5208116545265349
40_64,0.522702597058323,0.5208116545265349
41_64,0.544320249450944,0.5442998732118218
42_64,0.580243379170341,0.579651261215507
43_64,0.5799918156297181,0.579651261215507
44_64,0.5798236406254074,0.579651261215507
45_64,0.5800665791482346,0.579651261215507
46_64,0.5792366026410738,0.579651261215507
47_64,0.5792635349539256,0.579651261215507
48_64,0.5793433951722585,0.579651261215507
49_64,0.5787202461694024,0.579651261215507
34_65,0.4825077714952773,0.4823974396275822
35_65,0.48168772866177945,0.4823974396275822
36_65,0.4853361913202852,0.4856755383954935
37_65,0.515653660934905,0.5143358232312808
38_65,0.5218398683215408,0.5208116545265349
39_65,0.5214598082801317,0.5208116545265349
40_65,0.5220668873428214,0.5208116545265349
41_65,0.5637291087440999,0.5666338677597196
42_65,0.5801669796230822,0.579651261215507
43_65,0.5794724072768889,0.579651261215507
44_65,0.5799047337098912,0.579651261215507
45_65,0.5800738262015906,0.579651261215507
46_65,0.5798340477052373,0.579651261215507
47_65,0.5797529060067032,0.579651261215507
48_65,0.5800621877142431,0.579651261215507
49_65,0.5789676958018984,0.579651261215507
50_65,0.580049928612133,0.579651261215507
36_66,0.5168719161221961,0.5164364421176267
37_66,0.5213248449856073,0.5208116545265349
38_66,0.521998881024022,0.5208116545265349
39_66,0.5215365332723612,0.5208116545265349
40_66,0.541959998107545,0.5409660606723389
41_66,0.5793263107460721,0.5796295265765969
42_66,0.580203125012432,0.579651261215507
43_66,0.5797272167274338,0.579651261215507
44_66,0.5802972558284623,0.579651261215507
45_66,0.5803086667139771,0.579651261215507
46_66,0.5796881804236512,0.579651261215507
47_66,0.5796228444936004,0.579651261215507
48_66,0.5798096969853239,0.579651261215507
49_66,0.5792538742775446,0.579651261215507
50_66,0.5795354973544835,0.579651261215507
36_67,0.5211019894310008,0.5208116545265349
37_67,0.5215091646410376,0.5208116545265349
38_67,0.5219009253556314,0.5228252690375441
39_67,0.5542031293947068,0.5570089243785591
40_67,0.5797392639700812,0.5795802498743163
41_67,0.5806045946046098,0.579651261215507
42_67,0.5802576597219089,0.579651261215507
43_67,0.5800795923241466,0.579651261215507
44_67,0.5797792909939867,0.579651261215507
45_67,0.580258308659459,0.579651261215507
46_67,0.579934618376901,0.579651261215507
47_67,0.5790261115988578,0.579651261215507
48_67,0.579605425105415,0.579651261215507
49_67,0.5796493216357191,0.579651261215507
37_68,0.5303915969214278,0.5313011125074207
38_68,0.5633532747132319,0.5682406462632453
39_68,0.5798185013948896,0.579651261215507
40_68,0.5795158386551047,0.579651261215507
41_68,0.5797298124415433,0.579651261215507
42_68,0.5798769810975171,0.579651261215507
43_68,0.5798907547661906,0.579651261215507
44_68,0.5799466538671799,0.579651261215507
45_68,0.5800186974786724,0.579651261215507
46_68,0.5803488536772354,0.579651261215507
47_68,0.5794743282553206,0.579651261215507
37_69,0.5798435359811506,0.579651261215507
38_69,0.5793617381154379,0.579651261215507
39_69,0.5791415620288237,0.579651261215507
40_69,0.5800794420358186,0.579651261215507
41_69,0.5801581975364355,0.579651261215507
42_69,0.5799584772805704,0.579651261215507
43_69,0.5795309992522547,0.579651261215507
44_69,0.5803114637711277,0.579651261215507
45_69,0.5801751528782837,0.579651261215507
39_70,0.5792809517042338,0.579651261215507
40_70,0.5799508003621443,0.579651261215507
41_70,0.5799011671609791,0.579651261215507
42_70,0.579995823317091,0.579651261215507
43_70,0.5803809522868373,0.579651261215507
44_70,0.5800547554254287,0.579651261215507
40_71,0.5795878548875241,0.579651261215507
41_71,0.5796766034244867,0.579651261215507
42_71,0.5800549075897341,0.579651261215507
43_71,0.5803907701957287,0.579651261215507
41_72,0.5801982756103043,0.579651261215507
42_72,0.5802704923518326,0.579651261215507
43_72,0.5805218925951209,0.579651261215507
