grid_id,barangay_name_clean,poverty_rate,poverty_rate_predicted
17_0,SANTA BARBARA,0.3107900792636154,0.32908302631096154
18_0,SANTA BARBARA,0.3107900792636154,0.3331230213294974
19_0,SANTA BARBARA,0.3107900792636154,0.3333532624094738
16_1,SANTA BARBARA,0.3107900792636154,0.33602038481352214
17_1,SANTA BARBARA,0.3107900792636154,0.3348291844956402
18_1,SANTA BARBARA,0.3107900792636154,0.33498407337107655
19_1,SANTA BARBARA,0.3107900792636154,0.33352085473947296
42_1,MANALIPA,0.7309899569583931,0.7280147290079693
43_1,MANALIPA,0.7309899569583931,0.7149949402774531
44_1,MANALIPA,0.7309899569583931,0.7333070058095151
15_2,SANTA BARBARA,0.3107900792636154,0.3353978068334287
16_2,SANTA BARBARA,0.3107900792636154,0.3318342385768822
26_2,TIGTABON,0.7625294315506222,0.7331442698989494
27_2,TIGTABON,0.7625294315506222,0.7062808869828134
28_2,TIGTABON,0.7625294315506222,0.7288556781388419
41_2,MANALIPA,0.7309899569583931,0.7383963816874233
42_2,MANALIPA,0.7309899569583931,0.6547503165245547
43_2,MANALIPA,0.7309899569583931,0.6556749786318185
44_2,MANALIPA,0.7309899569583931,0.7249248427322845
15_3,SANTA BARBARA,0.3107900792636154,0.3333992290700124
16_3,SANTA BARBARA,0.3107900792636154,0.3357232610651253
21_3,MARIKI,0.5282476319350473,0.6575985408638302
22_3,TALON-TALON,0.3885319549780204,0.44311573548463806
23_3,TALON-TALON,0.3885319549780204,0.4168386287082368
24_3,TALON-TALON,0.3885319549780204,0.4464029502551735
25_3,TALON-TALON,0.3885319549780204,0.45036721048197315
26_3,TIGTABON,0.7625294315506222,0.7363547480902527
27_3,TIGTABON,0.7625294315506222,0.7279317805677304
28_3,TIGTABON,0.7625294315506222,0.7196807184806202
29_3,TIGTABON,0.7625294315506222,0.7369031658357124
30_3,TIGTABON,0.7625294315506222,0.7375610109967231
41_3,MANALIPA,0.7309899569583931,0.6948355194277707
42_3,MANALIPA,0.7309899569583931,0.6195980200834651
43_3,MANALIPA,0.7309899569583931,0.7245033147170571
19_4,BARANGAY ZONE III (POB ),0.2355140186915887,0.2764692824706747
20_4,RIO HONDO,0.4449156950100895,0.579704934775375
21_4,MARIKI,0.5401381619081582,0.5531401637210053
22_4,MARIKI,0.4904951533364667,0.5232653340319653
23_4,TALON-TALON,0.4079057100036062,0.4371258632217136
24_4,TALON-TALON,0.3885319549780204,0.38925236601848545
25_4,TALON-TALON,0.38849795631880446,0.4130651548618677
26_4,MAMPANG,0.3699470225088637,0.4046580894239063
29_4,TIGTABON,0.7625294315506222,0.7448625442649931
16_5,CAMPO ISLAM,0.3758849353946486,0.3532535856389055
17_5,BALIWASAN,0.2677392355621687,0.29031488019189583
18_5,SAN JOSE CAWA-CAWA,0.2972467324711807,0.32062801733017915
19_5,BARANGAY ZONE III (POB ),0.31984166264627323,0.34052874929601346
20_5,SANTA CATALINA,0.3055822457158821,0.3400022612723188
21_5,KASANYANGAN,0.5147911812406021,0.5403655019694739
22_5,TALON-TALON,0.44654001237710783,0.5176902338031724
23_5,TALON-TALON,0.3885319549780204,0.3771298387592717
24_5,TALON-TALON,0.3858812894532706,0.3826373054424929
25_5,MAMPANG,0.3635855187008209,0.37613875026557586
26_5,MAMPANG,0.3535882661079099,0.3654299844407949
27_5,MAMPANG,0.3535882661079099,0.3642457998884958
28_5,MAMPANG,0.47796070329848495,0.6110742932113387
13_6,CALARIAN,0.3997923156801661,0.37522165553223985
14_6,CALARIAN,0.3997923156801661,0.3700468299010289
15_6,CALARIAN,0.40086335751011704,0.36759410162878065
16_6,SAN JOSE GUSU,0.34951402762520045,0.3059367974853201
17_6,BALIWASAN,0.2717530507886018,0.2956305236672126
18_6,CANELAR,0.27569707978021374,0.271557814780803
19_6,CAMINO NUEVO,0.3150497499863275,0.288568131651712
20_6,TETUAN,0.23057883638313334,0.27593365742902326
21_6,TETUAN,0.23118699015373773,0.26513546165758695
22_6,TUGBUNGAN,0.325117368939109,0.32623289021631785
23_6,TUGBUNGAN,0.33437521747330934,0.333147113941075
24_6,TALON-TALON,0.37797130555220576,0.3838313176972943
25_6,MAMPANG,0.3535882661079099,0.3631367843406971
26_6,MAMPANG,0.3535882661079099,0.35883816166966176
27_6,MAMPANG,0.37138646138429887,0.3697561492555818
28_6,ARENA BLANCO,0.6306810651015927,0.5992506461159922
29_6,ARENA BLANCO,0.6598814918089927,0.6989416091957792
31_6,PANGAPUYAN,0.7981109799291618,0.7764273694638775
33_6,LANDANG GUA,0.6910456062291435,0.7143812389823196
12_7,SINUNOC,0.471376876075221,0.5840580138507119
13_7,CALARIAN,0.4061773688441475,0.3678153542063386
14_7,CALARIAN,0.3872098106894868,0.34932249776540786
15_7,CALARIAN,0.39784723296232105,0.3632834390200361
16_7,SAN ROQUE,0.3501511571936897,0.3165098984533193
17_7,SAN JOSE GUSU,0.30636387888143773,0.30336344940267324
18_7,SANTA MARIA,0.2561408317945368,0.26603771413111255
19_7,SANTA MARIA,0.25880093808613736,0.26605240557784854
20_7,TETUAN,0.23094286264593938,0.2616137036145002
21_7,GUIWAN,0.18953101020002108,0.2411544679429069
22_7,TUGBUNGAN,0.2606159116997316,0.29817763958436655
23_7,TUGBUNGAN,0.30414291907340096,0.30806161837331214
24_7,BOALAN,0.2833486018922254,0.30473986281733434
25_7,MAMPANG,0.3439589612766456,0.3603728727178688
26_7,MAMPANG,0.35694244703988676,0.36787460161434055
27_7,MERCEDES,0.3899918535857336,0.38385171361495024
28_7,MERCEDES,0.42454397962308366,0.404401266655321
32_7,LANDANG GUA,0.6910456062291435,0.708382430815143
33_7,LANDANG GUA,0.6910456062291435,0.6345975615297619
34_7,LANDANG GUA,0.6910456062291435,0.7066479668949279
10_8,SINUNOC,0.471376876075221,0.5844286489112914
11_8,SINUNOC,0.471376876075221,0.49540963090782775
12_8,SINUNOC,0.4144272668247914,0.3721277613364984
13_8,MALAGUTAY,0.3139921876620219,0.30273166725173617
14_8,MALAGUTAY,0.3009282581889797,0.2977783187090061
15_8,SAN ROQUE,0.3488755794418579,0.32225544492488384
16_8,SAN ROQUE,0.34476605041618236,0.3146989592125372
17_8,SAN ROQUE,0.31072875497443747,0.3004020137845307
18_8,SANTA MARIA,0.2600388146871146,0.2782830297670337
19_8,SANTA MARIA,0.2708434813390233,0.2609158344094387
20_8,TUMAGA,0.3014407935224619,0.27773853470149445
21_8,PUTIK,0.2088262592398713,0.2515923149331472
22_8,PUTIK,0.22097776385040968,0.242074563403784
23_8,DIVISORIA,0.2792579486311164,0.28620627103378804
24_8,BOALAN,0.25387322524948913,0.28878377247851894
25_8,ZAMBOWOOD,0.3339310163038994,0.3229470882775
26_8,ZAMBOWOOD,0.35298508663615497,0.31569534174601144
27_8,MERCEDES,0.40472231961858407,0.372388520471452
28_8,MERCEDES,0.4048067437897946,0.3868181720241126
29_8,MERCEDES,0.4331174324887972,0.39849887861560196
30_8,TALABAAN,0.4862884655641616,0.6460411982461608
32_8,LANDANG LAUM,0.6551819186623917,0.6897585861956478
33_8,LANDANG GUA,0.68097834979663,0.6412672560295547
34_8,LANDANG GUA,0.6910456062291435,0.7005461457492963
35_8,LANDANG GUA,0.6910456062291435,0.7050984921474236
7_9,RECODO,0.4669475433183005,0.48201232163920216
9_9,MAASIN,0.3305346884666372,0.574433172074056
10_9,MAASIN,0.3989874020743783,0.4084155673874108
11_9,SINUNOC,0.471376876075221,0.4705131742580379
12_9,SINUNOC,0.45480503956637003,0.44025078107394466
13_9,MALAGUTAY,0.3221868185572828,0.30843576814838086
14_9,MALAGUTAY,0.2970635165390779,0.2959139059749397
15_9,SAN ROQUE,0.34879610010858403,0.3286974018978687
16_9,CABATANGAN,0.2976839597162675,0.30347569250974543
17_9,CABATANGAN,0.2837570970130832,0.2911978690035606
18_9,CABATANGAN,0.28473340153385807,0.2983029925588054
19_9,PASONANCA,0.3035096780902598,0.2837598752641623
20_9,TUMAGA,0.3111111111111111,0.2822196297589231
21_9,PUTIK,0.22271754578510494,0.24210418880132625
22_9,DIVISORIA,0.26349110674799897,0.26490917980588313
23_9,DIVISORIA,0.271991357956311,0.28132941225440744
24_9,BOALAN,0.2382040596854416,0.27040049524944276
25_9,ZAMBOWOOD,0.2982340427633773,0.30165710213413777
26_9,ZAMBOWOOD,0.35320010351293823,0.3127466732407327
27_9,MERCEDES,0.4048067437897946,0.37408562730466083
28_9,MERCEDES,0.4077099831102574,0.3811651227587548
29_9,TALABAAN,0.47831023586947813,0.48896744675259074
30_9,TALABAAN,0.4991286281721513,0.5737234321607552
31_9,TALUKSANGAY,0.5730831596015752,0.6686574041985276
33_9,LANDANG LAUM,0.6426559190089685,0.6709632822282617
34_9,LANDANG GUA,0.6764791178856732,0.6171935567015858
35_9,LANDANG GUA,0.6910456062291435,0.6269891082036502
36_9,LANDANG GUA,0.6910456062291435,0.6950103035406501
37_9,LANDANG GUA,0.6910456062291435,0.7009046774072616
5_10,AYALA,0.3337017217310377,0.34877483274471965
6_10,RECODO,0.45243020930599537,0.4449049301564685
7_10,RECODO,0.4573465475940104,0.4236519588892903
8_10,CAWIT,0.4155545086563299,0.36561117397967086
9_10,MAASIN,0.3318848399787436,0.36422905674709755
10_10,MAASIN,0.3378238883560461,0.3596689567878472
11_10,SINUNOC,0.4255695925940528,0.4399045548785936
12_10,SINUNOC,0.471376876075221,0.46106608716426123
13_10,SINUNOC,0.4298953987194799,0.4012398598374064
14_10,SAN ROQUE,0.3231131182628273,0.3269098634614834
15_10,SAN ROQUE,0.3489446407169948,0.3400366841271066
16_10,CABATANGAN,0.2909697700452265,0.3006236712483626
17_10,CABATANGAN,0.2837570970130832,0.2951921942672068
18_10,PASONANCA,0.29483972342649456,0.29829875427541475
19_10,PASONANCA,0.3023440818593983,0.29367293419636165
20_10,PASONANCA,0.29201730017429284,0.2848754063775565
21_10,LUNZURAN,0.2517038756503499,0.2728510669903422
22_10,DIVISORIA,0.2745174436527392,0.2766384369611911
23_10,BOALAN,0.26127557241619603,0.281308674652409
24_10,BOALAN,0.2382040596854416,0.27121377681211756
25_10,ZAMBOWOOD,0.32084170347189644,0.3029749915745812
26_10,MERCEDES,0.3914835887045228,0.35646328209688755
27_10,MERCEDES,0.4048067437897946,0.3769187751871081
28_10,MERCEDES,0.4303778935522963,0.37304530899716526
29_10,TALABAAN,0.48626476799093576,0.4883198021119037
30_10,TALABAAN,0.5090350056199109,0.533460319409874
31_10,TALUKSANGAY,0.5681952127251372,0.6006060082705453
33_10,LANDANG LAUM,0.64177545691906,0.6488287895736181
34_10,LANDANG LAUM,0.6440715799005322,0.6009790094842378
35_10,LANDANG GUA,0.677909349476123,0.6108727113906431
36_10,LANDANG GUA,0.6910456062291435,0.6114107514106147
37_10,LANDANG GUA,0.6910456062291435,0.6531474520219249
38_10,LANDANG GUA,0.6910456062291435,0.7019748238362402
39_10,LANDANG GUA,0.6910456062291435,0.7100203663803596
40_10,LANDANG GUA,0.6910456062291435,0.7069034942821714
41_10,LANDANG GUA,0.6910456062291435,0.7094502662524141
47_10,TUMALUTAB,0.716304347826087,0.7310035766625584
4_11,AYALA,0.3337017217310377,0.3435158596725688
5_11,AYALA,0.3337017217310377,0.334875458404991
6_11,RECODO,0.3897861914391606,0.3627685662024692
7_11,CAWIT,0.43717645607786104,0.38718993454326733
8_11,CAWIT,0.4290001364070386,0.37340942044655834
9_11,MAASIN,0.44356690425581147,0.3751733350202441
10_11,MAASIN,0.4429412707926419,0.4336525537395395
11_11,MAASIN,0.4256381806261053,0.4369416070667296
12_11,SINUNOC,0.5163875194571468,0.4982326248283193
13_11,SINUNOC,0.4440793986219641,0.4343958736814213
14_11,CAPISAN,0.38813037778508397,0.36466477739466646
15_11,SAN ROQUE,0.35696917436070996,0.35194646010604563
16_11,DULIAN (UPPER PASONANCA),0.34639282551045697,0.34995908421408317
17_11,DULIAN (UPPER PASONANCA),0.3339132121881025,0.33873761951499476
18_11,PASONANCA,0.30240221360415653,0.30633135608229595
19_11,PASONANCA,0.3021495853795991,0.2907231240426878
20_11,PASONANCA,0.2874470684785211,0.2923384751130484
21_11,LUNZURAN,0.25832114404630485,0.2838924135648822
22_11,LUMBANGAN,0.3172236971562904,0.3157193256838835
23_11,LUMBANGAN,0.2898701709605597,0.3037445473061016
24_11,BOALAN,0.2382040596854416,0.273161951116864
25_11,BOALAN,0.3188101542358247,0.30785437395889764
26_11,MERCEDES,0.39493525012320785,0.35587601041455486
27_11,MERCEDES,0.4048067437897946,0.370252711740645
28_11,MERCEDES,0.4048067437897946,0.38273831976987716
29_11,MERCEDES,0.4362143808271159,0.3822464059773252
30_11,TALABAAN,0.48659797695309964,0.505908031133067
31_11,TALUKSANGAY,0.5493537330563301,0.5584150490063844
34_11,LANDANG LAUM,0.64177545691906,0.6655868515647753
35_11,LANDANG LAUM,0.6425305606774647,0.60053852914657
36_11,LANDANG GUA,0.6683815034920255,0.6116697517169569
37_11,LANDANG GUA,0.6720176614392894,0.6448969739977651
38_11,LANDANG GUA,0.6665273337285532,0.6666805487938184
39_11,LANDANG GUA,0.6910456062291435,0.6037514102004042
40_11,LANDANG GUA,0.6910456062291435,0.5874659100733569
41_11,LANDANG GUA,0.6910456062291435,0.6332843214955101
42_11,LANDANG GUA,0.6910456062291435,0.7036043593929397
3_12,TALISAYAN,0.2492803684513529,0.2806575259374842
4_12,AYALA,0.2921980894497211,0.346099138876268
5_12,AYALA,0.3345529480463776,0.33536544674763374
6_12,TULUNGATUNG,0.34686355625261944,0.3251537854461282
7_12,TULUNGATUNG,0.3646179004593198,0.32784462711635176
8_12,CAWIT,0.44512127407939667,0.37067912099873745
9_12,BALUNO,0.6149297907174194,0.563620313972133
10_12,BALUNO,0.6192429022082019,0.5917844959707552
11_12,BALUNO,0.6192429022082019,0.6028177878535235
12_12,BALUNO,0.6050783626227831,0.5716071413100065
13_12,CAPISAN,0.4543101906330924,0.43894372741684357
14_12,CAPISAN,0.4010189228529839,0.41914512133335413
15_12,CAPISAN,0.38909628566413124,0.3943650729295596
16_12,DULIAN (UPPER PASONANCA),0.3516788483853224,0.36827132530701756
17_12,DULIAN (UPPER PASONANCA),0.3513027852650494,0.3691534032776993
18_12,PASONANCA,0.30967523195212415,0.32657326990005475
19_12,PASONANCA,0.3021495853795991,0.29914445913872234
20_12,PASONANCA,0.29698678497064873,0.31121286991280234
21_12,LUNZURAN,0.2942588082256138,0.3120275682513277
22_12,LUMBANGAN,0.33534063193883035,0.3492296055498582
23_12,LUMBANGAN,0.2997471506829598,0.30605921175895107
24_12,BOALAN,0.2925242349460725,0.2963575306169398
25_12,PASOBOLONG,0.37807407845811725,0.33547092340915063
26_12,PASOBOLONG,0.34304892530250014,0.3130571612257512
27_12,CULIANAN,0.3109808388224406,0.28086205120201024
28_12,CULIANAN,0.3323009301904559,0.30849287423129096
29_12,MERCEDES,0.42330499949206246,0.3830064707510455
30_12,TALABAAN,0.4862884655641616,0.5089623448195119
31_12,TALABAAN,0.4862884655641616,0.5541210939428465
34_12,LANDANG LAUM,0.64177545691906,0.6722631549140385
35_12,LANDANG LAUM,0.64177545691906,0.6022443670856421
36_12,LANDANG LAUM,0.64177545691906,0.5857586435776966
37_12,LANDANG LAUM,0.64177545691906,0.5932297735766318
38_12,LANDANG LAUM,0.6417754764959451,0.5656240058620802
39_12,LANDANG LAUM,0.660119598799909,0.5803005275073241
40_12,LANDANG GUA,0.6864355093947512,0.5843469395111565
41_12,LANDANG GUA,0.6889378656602576,0.5839705846327442
42_12,PASILMANTA (SACOL ISLAND),0.6658962931615366,0.6947915068745444
3_13,TALISAYAN,0.2492803684513529,0.27931928757902325
4_13,TALISAYAN,0.25562116947724056,0.28869947727616396
5_13,AYALA,0.36371859898646663,0.36279163119981006
6_13,LA PAZ,0.4986672059041356,0.49463624588046684
7_13,TULUNGATUNG,0.42227639784114024,0.367573687389241
8_13,TULUNGATUNG,0.47498415401668703,0.3643043528440555
9_13,BALUNO,0.6192429022082019,0.6069737021440086
10_13,BALUNO,0.6192429022082019,0.6084411800124552
11_13,BALUNO,0.6192429022082019,0.6055730642461712
12_13,BALUNO,0.6192429022082019,0.603497060726967
13_13,BALUNO,0.6122090864402436,0.578795149918056
14_13,CAPISAN,0.4035915707753986,0.41912705868424793
15_13,CAPISAN,0.39631809657419126,0.41576690242491954
16_13,DULIAN (UPPER PASONANCA),0.35271271715495045,0.36896007665480096
17_13,DULIAN (UPPER PASONANCA),0.3513027852650494,0.37047488846485327
18_13,PASONANCA NATURAL PARK UNDER JURISDICTION OF ZAMBOANGA CITY,0.3054454015391126,0.3100840815643038
19_13,PASONANCA NATURAL PARK UNDER JURISDICTION OF ZAMBOANGA CITY,0.3021495853795991,0.30187049633054186
20_13,PASONANCA,0.32704660988807754,0.3322311067767695
21_13,LUMAYANG,0.35973798001025076,0.4110791668802811
22_13,LUMBANGAN,0.3513120321304478,0.3637147504591964
23_13,SALAAN,0.4065694110202043,0.36992134102267665
24_13,SALAAN,0.4717026898435864,0.4178365510277519
25_13,PASOBOLONG,0.38545697666777323,0.35493527037388917
26_13,CULIANAN,0.3457368796098786,0.3142251536167442
27_13,CULIANAN,0.2932213322914632,0.279606658682912
28_13,CULIANAN,0.29682172529333284,0.2971352761425065
29_13,CABALUAY,0.36962211724427574,0.3750557941719565
30_13,CABALUAY,0.4169752958472512,0.3960396158595254
31_13,TALABAAN,0.4488188245865829,0.4852929472507843
32_13,CABALUAY,0.386852344869957,0.4363205463450744
34_13,LANDANG LAUM,0.64177545691906,0.6761324990680145
35_13,LANDANG LAUM,0.64177545691906,0.6458918308408609
36_13,LANDANG LAUM,0.64177545691906,0.5992557501736355
37_13,LANDANG LAUM,0.6417619894248521,0.5877516304265821
38_13,LANDANG LAUM,0.6154969886749044,0.5670045191833825
39_13,LANDANG LAUM,0.6238472776975894,0.5673706219635495
40_13,LANDANG LAUM,0.6462409358040557,0.5747290233847996
41_13,PASILMANTA (SACOL ISLAND),0.6609594140568825,0.5776866532157992
42_13,PASILMANTA (SACOL ISLAND),0.6552845528455284,0.6284711102928744
49_13,TUMALUTAB,0.716304347826087,0.7274739925922005
50_13,TUMALUTAB,0.716304347826087,0.6948971132389724
2_14,TALISAYAN,0.2492803684513529,0.28221802392487993
3_14,TALISAYAN,0.2492803684513529,0.2884117998361991
4_14,TALISAYAN,0.2528771307747967,0.2898980735198925
5_14,PAMUCUTAN,0.4147866230935367,0.39757853249002684
6_14,LA PAZ,0.4918526973901112,0.5144312400384614
7_14,LA PAZ,0.5053627849861728,0.5163010393308793
8_14,LA PAZ,0.48452605948909533,0.4240693335204716
9_14,BALUNO,0.57272806221157,0.5709955085885123
10_14,BALUNO,0.5900252468914313,0.5679131720087933
11_14,BALUNO,0.6175384963011926,0.5841796364900798
12_14,BALUNO,0.6192429022082019,0.6048664243796005
13_14,BALUNO,0.6192429022082019,0.6052204297145611
14_14,CAPISAN,0.4113252964671166,0.3962543180512356
15_14,DULIAN (UPPER PASONANCA),0.36210456552137393,0.35901196938905733
16_14,DULIAN (UPPER PASONANCA),0.35130278526504943,0.37346686911371796
17_14,PASONANCA NATURAL PARK UNDER JURISDICTION OF ZAMBOANGA CITY,0.3513027852650494,0.37659948786051023
18_14,PASONANCA,0.3021495853795991,0.30700896685350626
19_14,PASONANCA NATURAL PARK UNDER JURISDICTION OF ZAMBOANGA CITY,0.3021495853795991,0.3062412639372909
20_14,PASONANCA,0.30842819692668694,0.32070957640567505
21_14,LUMAYANG,0.3662119339413632,0.3693236419769537
22_14,LUMAYANG,0.3911593149422935,0.3815674058728705
23_14,SALAAN,0.4835122348733695,0.43910558780196113
24_14,SALAAN,0.4769348859687884,0.4253918746031659
25_14,LANZONES,0.40287819876433256,0.36873702958545
26_14,CULIANAN,0.3454605225283428,0.3228598665612783
27_14,CULIANAN,0.2961458283406694,0.2865204530391543
28_14,CABALUAY,0.3352057967836794,0.33994264947228364
29_14,CABALUAY,0.3657285443285319,0.35893991395827546
30_14,CABALUAY,0.386852344869957,0.3778890413477359
31_14,CABALUAY,0.386852344869957,0.3794630881039982
32_14,CABALUAY,0.386852344869957,0.4386198576362183
35_14,LANDANG LAUM,0.64177545691906,0.670084387275281
36_14,LANDANG LAUM,0.64177545691906,0.6521695562704667
37_14,LANDANG LAUM,0.5942352679984317,0.6137305531800237
38_14,BUSAY (SACOL ISLAND),0.5245139475908707,0.594883343610484
39_14,BUSAY (SACOL ISLAND),0.5505598110623344,0.5329620099190392
40_14,PASILMANTA (SACOL ISLAND),0.6552760801497548,0.5721847506690414
41_14,PASILMANTA (SACOL ISLAND),0.6552845528455284,0.5837688795816716
42_14,PASILMANTA (SACOL ISLAND),0.6552845528455284,0.699806982654361
50_14,TUMALUTAB,0.716304347826087,0.7272757723944798
2_15,TALISAYAN,0.2492803684513529,0.28039050525387094
3_15,TALISAYAN,0.2492803684513529,0.28133449511395053
4_15,TALISAYAN,0.2492803684513529,0.29213659380421736
5_15,PAMUCUTAN,0.38792842927751126,0.39579126252656216
6_15,PAMUCUTAN,0.4487086123152782,0.4228761917054184
7_15,LA PAZ,0.5128287493848022,0.542824495910536
8_15,LA PAZ,0.5226027397260274,0.5493825856199142
9_15,LA PAZ,0.5226027397260274,0.5489404224963538
10_15,LA PAZ,0.5226027397260274,0.544330580369868
11_15,LA PAZ,0.5597311114097732,0.5605373939067724
12_15,BALUNO,0.6192429022082019,0.6063718030202379
13_15,BALUNO,0.6192429022082019,0.5900733963333701
14_15,DULIAN (UPPER PASONANCA),0.3988253318893517,0.3746995486705114
15_15,DULIAN (UPPER PASONANCA),0.3513027852650494,0.3696000053804436
16_15,PASONANCA NATURAL PARK UNDER JURISDICTION OF ZAMBOANGA CITY,0.3513027852650494,0.3668668886323103
17_15,DULIAN (UPPER PASONANCA),0.3513027852650494,0.36547366217823857
18_15,PASONANCA,0.3021495853795991,0.30795866723495297
19_15,PASONANCA NATURAL PARK UNDER JURISDICTION OF ZAMBOANGA CITY,0.3021495853795991,0.3132623625989038
20_15,PASONANCA,0.3094006447694727,0.32349418767011756
21_15,LUMAYANG,0.37136696304056804,0.39861826951134843
22_15,SALAAN,0.428464902530975,0.3696888988085002
23_15,SALAAN,0.4836941627843245,0.4468808504717732
24_15,LANZONES,0.44138508517106645,0.37654963200494507
25_15,LANZONES,0.401160805735746,0.3685683204219483
26_15,LANZONES,0.38890943554245205,0.35625588904988165
27_15,GUISAO,0.35212864936651267,0.33299390679934077
28_15,GUISAO,0.31707574792354787,0.3387976632380891
29_15,CABALUAY,0.3758965512636522,0.36698956062012866
30_15,CABALUAY,0.386852344869957,0.37619004063053085
31_15,CABALUAY,0.386852344869957,0.3742247937432455
32_15,CABALUAY,0.386852344869957,0.4065926211901359
37_15,BUSAY (SACOL ISLAND),0.5245139475908707,0.664307047074803
38_15,BUSAY (SACOL ISLAND),0.5245139475908707,0.6660876432793603
39_15,PASILMANTA (SACOL ISLAND),0.5997219225615,0.6880193132157459
40_15,PASILMANTA (SACOL ISLAND),0.6552845528455284,0.6638951044094575
41_15,PASILMANTA (SACOL ISLAND),0.6552845528455284,0.6760172077137854
2_16,TALISAYAN,0.27272816442203196,0.31056617008330106
3_16,TALISAYAN,0.2492803684513529,0.2840218868401908
4_16,TALISAYAN,0.2511437183163684,0.28722945045000625
5_16,PAMUCUTAN,0.42119593978605,0.43169109860092186
6_16,PAMUCUTAN,0.4305700563792023,0.42143600266623726
7_16,LA PAZ,0.48097315192964313,0.5441332028929384
8_16,LA PAZ,0.5226027397260274,0.5446585398874949
9_16,LA PAZ,0.5226027397260274,0.5465806500014159
10_16,LA PAZ,0.5226027397260274,0.549047347429173
11_16,LA PAZ,0.5547764492021581,0.5439259715571539
12_16,BALUNO,0.6192429022082019,0.6068374757250989
13_16,BALUNO,0.6192429022082019,0.5912695363095848
14_16,BALUNO,0.6131612410096766,0.5780744109002124
15_16,BALUNO,0.6192429022082019,0.605301129010688
16_16,DULIAN (UPPER PASONANCA),0.3513027852650494,0.3656957680338822
17_16,DULIAN (UPPER PASONANCA),0.3513027852650494,0.3633995735921641
18_16,PASONANCA,0.3021495853795991,0.2981245408839182
19_16,PASONANCA NATURAL PARK UNDER JURISDICTION OF ZAMBOANGA CITY,0.3021495853795991,0.31250350837752344
20_16,PASONANCA,0.30946255416823837,0.33411923758769874
21_16,LUMAYANG,0.37134490365244005,0.3998915401403212
22_16,LUMAYANG,0.42692935277907496,0.37330547178294005
23_16,SALAAN,0.48635752070214217,0.4753133637934712
24_16,LANZONES,0.4442455776211706,0.38024789856267704
25_16,LANZONES,0.401160805735746,0.37274207182402674
26_16,LANZONES,0.401160805735746,0.3675693610306261
27_16,GUISAO,0.3383876992749523,0.3411619875407096
28_16,GUISAO,0.31397032869551067,0.31852816897795966
29_16,CABALUAY,0.3487343096537562,0.32213633701644234
30_16,CABALUAY,0.38639578813149145,0.37145686054684535
31_16,CABALUAY,0.39661831752240373,0.3759037469799532
32_16,MANICAHAN,0.441551433205862,0.4487536551629359
33_16,MANICAHAN,0.4659773182121414,0.606372167926864
2_17,SINUBUNG,0.4715200335434095,0.5297898299269022
3_17,SINUBUNG,0.36520708256874607,0.36417665820800926
4_17,TALISAYAN,0.254527740773362,0.29121206737425687
5_17,TALISAYAN,0.3056317536620554,0.3458167786628262
6_17,PAMUCUTAN,0.42338244937044467,0.4410840121760328
7_17,PAMUCUTAN,0.4568901311810494,0.46199370184932925
8_17,LA PAZ,0.5221436205584108,0.5431094891664769
9_17,LA PAZ,0.5226027397260274,0.5442554160311432
10_17,LA PAZ,0.5226027397260274,0.536406276980043
11_17,BALUNO,0.5808051639526315,0.548797837773847
12_17,BALUNO,0.6192429022082019,0.5861383917004375
13_17,BALUNO,0.6192429022082019,0.610794197534101
14_17,BALUNO,0.6192429022082019,0.6083692397115349
15_17,PASONANCA NATURAL PARK UNDER JURISDICTION OF ZAMBOANGA CITY,0.6192429022082019,0.6018254608805074
16_17,BALUNO,0.6192429022082019,0.5969151956952464
17_17,BALUNO,0.6192429022082019,0.5370360156954771
18_17,PASONANCA,0.3021495853795991,0.2948135097978345
19_17,PASONANCA,0.3021495853795991,0.29890280499552774
20_17,PASONANCA NATURAL PARK UNDER JURISDICTION OF ZAMBOANGA CITY,0.3713962690785755,0.46432491298456335
21_17,LUMAYANG,0.3713962690785755,0.48261759765815393
22_17,SALAAN,0.4364410273440764,0.3780405059577554
23_17,SALAAN,0.49617507461173904,0.480761375604918
24_17,TOLOSA,0.5482203929823255,0.5480892627089645
25_17,LANZONES,0.4428286883633587,0.3743704831980509
26_17,LANZONES,0.37671218093141035,0.35539820920162035
27_17,GUISAO,0.3076707708045252,0.31346824402540907
28_17,CACAO,0.3009954570648276,0.2955727113917498
29_17,CACAO,0.33470670057548824,0.3128896728250023
30_17,CABALUAY,0.4096731198016794,0.37888529469077115
31_17,MANICAHAN,0.4612110071858111,0.4321088723783692
32_17,MANICAHAN,0.4659773182121414,0.44078590544577073
33_17,MANICAHAN,0.4659773182121414,0.5664621461530396
1_18,SINUBUNG,0.4755832037325039,0.6029754820574794
2_18,SINUBUNG,0.4755832037325039,0.4932137748868206
3_18,SINUBUNG,0.4755832037325039,0.4599606703982989
4_18,SINUBUNG,0.4643516916260371,0.451962491375462
5_18,SINUBUNG,0.4311208064087488,0.437955868022592
6_18,PAMUCUTAN,0.4225540705639265,0.44375993010450315
7_18,PAMUCUTAN,0.4305700563792023,0.42887648389389904
8_18,PAMUCUTAN,0.47371083919159074,0.5314597551748037
9_18,LA PAZ,0.4935198663280692,0.5567884106182762
10_18,LA PAZ,0.5142550846939394,0.5297669079399936
11_18,BALUNO,0.5777672555496914,0.5542982055455772
12_18,BALUNO,0.6192429022082019,0.5501443391447125
13_18,BALUNO,0.6192429022082019,0.5953599411580712
14_18,BALUNO,0.6192429022082019,0.6142674827873271
15_18,PASONANCA NATURAL PARK UNDER JURISDICTION OF ZAMBOANGA CITY,0.6192429022082019,0.6061079197791301
16_18,BALUNO,0.6192429022082019,0.584014870142096
17_18,BALUNO,0.6192429022082019,0.5801841347708889
18_18,PASONANCA,0.3021495853795991,0.2922050823843303
19_18,LUMAYANG,0.3713962690785755,0.4271666652430337
20_18,SALAAN,0.4836941627843245,0.4801440190769387
21_18,PASONANCA NATURAL PARK UNDER JURISDICTION OF ZAMBOANGA CITY,0.4811074245519915,0.44077251206077195
22_18,SALAAN,0.4835630098812522,0.478887595421102
23_18,SALAAN,0.5048284928283937,0.5073380224672411
24_18,TOLOSA,0.5503188245079013,0.5702221661940573
25_18,TOLOSA,0.550263118882341,0.5407454981550114
26_18,CACAO,0.4209925959882207,0.3583522938548389
27_18,CACAO,0.3004291845493562,0.3001920295059083
28_18,CACAO,0.33976584799394405,0.3219853979623782
29_18,LAPAKAN,0.4247077457132032,0.3943557180439716
30_18,LAPAKAN,0.4369742229721657,0.41292499040803393
31_18,MANICAHAN,0.4659773182121414,0.44204327991716963
32_18,MANICAHAN,0.4659773182121414,0.44208500716616084
33_18,MANICAHAN,0.46173126022865885,0.4721341606251289
34_18,VICTORIA,0.3378746651946443,0.34794241341099513
1_19,PATALON,0.49629346417801556,0.6005153445330533
2_19,SINUBUNG,0.4862089882684814,0.479905558325433
3_19,SINUBUNG,0.47566182985087957,0.4690044580217744
4_19,SINUBUNG,0.4755832037325039,0.468366954079032
5_19,SINUBUNG,0.4755832037325039,0.47359866326067585
6_19,SINUBUNG,0.4692554810911265,0.471971494436635
7_19,PAMUCUTAN,0.43647267814522916,0.47500985545247454
8_19,PAMUCUTAN,0.434604397619899,0.4442720969373142
9_19,LA PAZ,0.48159586731668724,0.5572490717075363
10_19,LA PAZ,0.5201498355889111,0.5355070209217097
11_19,LA PAZ,0.529179123708943,0.5552668674406759
12_19,BALUNO,0.5955103237808356,0.5688708183845648
13_19,BALUNO,0.6192429022082019,0.6045393422737041
14_19,BALUNO,0.6192429022082019,0.6134928851718717
15_19,PASONANCA NATURAL PARK UNDER JURISDICTION OF ZAMBOANGA CITY,0.6192429022082019,0.6146153224262376
16_19,BALUNO,0.6192429022082019,0.6082706702306098
17_19,BALUNO,0.6192429022082019,0.6120316968242225
18_19,BALUNO,0.6192429022082019,0.5833479596596991
19_19,SALAAN,0.4836941627843245,0.4726562457112175
20_19,SALAAN,0.4836941627843245,0.46984299484365494
21_19,PASONANCA NATURAL PARK UNDER JURISDICTION OF ZAMBOANGA CITY,0.4836941627843245,0.485589325008897
22_19,SALAAN,0.4836941627843245,0.5025825365727012
23_19,SALAAN,0.4854830858277738,0.4424507556290386
24_19,TOLOSA,0.5281489030532127,0.5374143307604584
25_19,TOLOSA,0.5503188245079013,0.5496236371130374
26_19,CACAO,0.347113299560353,0.3267517618657646
27_19,CACAO,0.3077968080836782,0.2984292093718234
28_19,LAPAKAN,0.41286319544981287,0.3865521221294335
29_19,LAPAKAN,0.4306893995552261,0.414935855163112
30_19,LAPAKAN,0.43477188375971837,0.4301623065550062
31_19,MANICAHAN,0.46523242942250603,0.44284875343718305
32_19,MANICAHAN,0.46328363994013855,0.46134627662061334
33_19,VICTORIA,0.3538519065837038,0.35176791702480315
34_19,VICTORIA,0.3208782742681048,0.33866486651329447
1_20,PATALON,0.504225050807573,0.5750247604156901
2_20,PATALON,0.504225050807573,0.5159564307021849
3_20,PATALON,0.49374863267859725,0.524299187535912
4_20,SINUBUNG,0.4758953950028912,0.5106303329547258
5_20,SINUBUNG,0.4755832037325039,0.5176677503038105
6_20,SINUBUNG,0.4755832037325039,0.5111180406262704
7_20,WATERSHED AREA UNDER JURISDICTION OF ZAMBOANGA CITY,0.4321257335564688,0.4331969138828281
8_20,PAMUCUTAN,0.4508862151388568,0.4524831377191136
9_20,LA PAZ,0.5197098872722722,0.5374724163182693
10_20,LA PAZ,0.5226027397260274,0.5518987828241506
11_20,LA PAZ,0.5226027397260274,0.5270310667028666
12_20,BALUNO,0.5726162158037219,0.5567956312551333
13_20,BALUNO,0.6192429022082019,0.6156987648372914
14_20,BALUNO,0.6192429022082019,0.6075006976342879
15_20,PASONANCA NATURAL PARK UNDER JURISDICTION OF ZAMBOANGA CITY,0.6192429022082019,0.6134439153895805
16_20,BALUNO,0.6192429022082019,0.6095851588774729
17_20,BALUNO,0.6192429022082019,0.6126298886368567
18_20,SALAAN,0.4836941627843245,0.5215350703967352
19_20,SALAAN,0.4836941627843245,0.4714001939765899
20_20,SALAAN,0.4836941627843245,0.4744516695222376
21_20,PASONANCA NATURAL PARK UNDER JURISDICTION OF ZAMBOANGA CITY,0.4836941627843245,0.4754933993020121
22_20,SALAAN,0.4836941627843245,0.4739687123692202
23_20,SALAAN,0.4836941627843245,0.46871250067708176
24_20,TOLOSA,0.5270401109126401,0.553119889302834
25_20,TOLOSA,0.5503188245079013,0.5407665516116177
26_20,TOLOSA,0.4990650906220458,0.48041953581468955
27_20,TOLOSA,0.503930418421209,0.4676410155121849
28_20,LAPAKAN,0.4232287193780129,0.40553681815615106
29_20,LAPAKAN,0.4225062516973484,0.4107535388892986
30_20,VICTORIA,0.32569240624111895,0.3322180755873207
31_20,VICTORIA,0.3362426073572198,0.33454653994027617
32_20,VICTORIA,0.32221796262779456,0.3251288176535536
33_20,VICTORIA,0.3208782742681048,0.33095156746575155
34_20,VICTORIA,0.3208782742681048,0.3396188733559835
1_21,PATALON,0.504225050807573,0.5029279829977639
2_21,PATALON,0.504225050807573,0.5125087901800611
3_21,PATALON,0.504225050807573,0.5190633878895593
4_21,WATERSHED AREA UNDER JURISDICTION OF ZAMBOANGA CITY,0.48618219982631156,0.5316240086192765
5_21,WATERSHED AREA UNDER JURISDICTION OF ZAMBOANGA CITY,0.47558320373250396,0.5231883385686364
6_21,WATERSHED AREA UNDER JURISDICTION OF ZAMBOANGA CITY,0.4755832037325039,0.5228904256123349
7_21,WATERSHED AREA UNDER JURISDICTION OF ZAMBOANGA CITY,0.47558320373250396,0.4864229756839121
8_21,PAMUCUTAN,0.43603980087249417,0.4418657788991714
9_21,LA PAZ,0.510378432161861,0.5275528161400815
10_21,LA PAZ,0.5226027397260274,0.5033174919191655
11_21,LA PAZ,0.5226027397260274,0.5361132892667514
12_21,LA PAZ,0.5321037541619705,0.5363164820948869
13_21,PASONANCA NATURAL PARK UNDER JURISDICTION OF ZAMBOANGA CITY,0.6192429022082019,0.6049659775127416
14_21,PASONANCA NATURAL PARK UNDER JURISDICTION OF ZAMBOANGA CITY,0.6192429022082019,0.5765490542320237
15_21,BALUNO,0.6192429022082019,0.6154474293010168
16_21,BALUNO,0.6192429022082019,0.6155085401387671
17_21,BALUNO,0.6192429022082019,0.6109531935230147
18_21,SALAAN,0.4836941627843245,0.5146100705195775
19_21,SALAAN,0.4836941627843245,0.5081032079272796
20_21,SALAAN,0.4836941627843245,0.5172961271830764
21_21,PASONANCA NATURAL PARK UNDER JURISDICTION OF ZAMBOANGA CITY,0.48369416278432453,0.497797345281729
22_21,SALAAN,0.4836941627843245,0.484829748649995
23_21,SALAAN,0.4908973103591666,0.4383485873406989
24_21,TOLOSA,0.547738528897766,0.5439445563574202
25_21,TOLOSA,0.5503188245079013,0.5448497974928462
26_21,TOLOSA,0.5503188245079013,0.54705138558888
27_21,TOLOSA,0.5079164824939701,0.4755197277914089
28_21,LAPAKAN,0.4306893995552261,0.43502891038339564
29_21,LAPAKAN,0.4305761571377902,0.42204234500420684
30_21,VICTORIA,0.3582611225650319,0.3466189942760942
31_21,VICTORIA,0.36444164652758243,0.3519305180018541
32_21,VICTORIA,0.3417125372330639,0.33092654500867846
33_21,VICTORIA,0.3208782742681048,0.32833098363407
34_21,VICTORIA,0.3208782742681048,0.33510605737600285
0_22,PATALON,0.504225050807573,0.6053637315938167
1_22,PATALON,0.504225050807573,0.49161454473147315
2_22,PATALON,0.504225050807573,0.5035394601311561
3_22,PATALON,0.504225050807573,0.5017412788625513
4_22,WATERSHED AREA UNDER JURISDICTION OF ZAMBOANGA CITY,0.504225050807573,0.5273163241435476
5_22,SINUBUNG,0.4755832037325039,0.5260962879046513
6_22,SINUBUNG,0.4755832037325039,0.524858832157488
7_22,PAMUCUTAN,0.4305700563792023,0.47397828073795695
8_22,WATERSHED AREA UNDER JURISDICTION OF ZAMBOANGA CITY,0.4487708079738454,0.4894111818156028
9_22,LA PAZ,0.5226027397260274,0.5151861044829037
10_22,LA PAZ,0.5226027397260274,0.5148550352961223
11_22,LA PAZ,0.5226027397260274,0.5402354621051836
12_22,LA PAZ,0.5226027397260274,0.5460538185911687
13_22,PASONANCA NATURAL PARK UNDER JURISDICTION OF ZAMBOANGA CITY,0.5226027397260274,0.5584291342620262
14_22,BALUNO,0.6192429022082019,0.5986699556927497
15_22,BALUNO,0.6192429022082019,0.6110222719008731
16_22,BALUNO,0.6192429022082019,0.5817590289717959
17_22,BALUNO,0.6192429022082019,0.6077330269353864
18_22,SALAAN,0.4836941627843245,0.5060079176177239
19_22,SALAAN,0.4836941627843245,0.52607596605837
20_22,PASONANCA NATURAL PARK UNDER JURISDICTION OF ZAMBOANGA CITY,0.4836941627843245,0.5127347571166476
21_22,SALAAN,0.4836941627843245,0.5222186465912247
22_22,SALAAN,0.5112387534775291,0.5161674485202312
23_22,TOLOSA,0.5464886693914083,0.5346746557328976
24_22,TOLOSA,0.5503188245079013,0.5642789326096133
25_22,TOLOSA,0.5503188245079013,0.5655777118671926
26_22,TOLOSA,0.5463124088895377,0.5647528552613862
27_22,LAPAKAN,0.45834911044797677,0.4366270648620381
28_22,LAMISAHAN,0.4670588980078486,0.46272591685254233
29_22,LAMISAHAN,0.4756226761714413,0.46662882371798553
30_22,LAMISAHAN,0.4898654487253485,0.5093911288701097
31_22,LAMISAHAN,0.4916569654637175,0.505482588694611
32_22,LAMISAHAN,0.44628850905192896,0.41947816211562
33_22,VICTORIA,0.3747294209717275,0.3771647335532418
34_22,SANGALI,0.42835730436696723,0.5520846653416907
0_23,PATALON,0.504225050807573,0.544043618222235
1_23,PATALON,0.504225050807573,0.49427703337380763
2_23,PATALON,0.504225050807573,0.4899235563027511
3_23,PATALON,0.504225050807573,0.4950182247547572
4_23,WATERSHED AREA UNDER JURISDICTION OF ZAMBOANGA CITY,0.504225050807573,0.5327255809492187
5_23,PATALON,0.504225050807573,0.523827618210854
6_23,SINUBUNG,0.4755832037325039,0.5117948015328033
7_23,PAMUCUTAN,0.4305700563792023,0.48678074309876174
8_23,LA PAZ,0.5226027397260274,0.5449657276518814
9_23,LA PAZ,0.5226027397260274,0.5195895627023122
10_23,LA PAZ,0.5226027397260274,0.5289479578636046
11_23,LA PAZ,0.5226027397260274,0.5489855809318592
12_23,LA PAZ,0.5226027397260274,0.5506703072877106
13_23,PASONANCA NATURAL PARK UNDER JURISDICTION OF ZAMBOANGA CITY,0.5226027397260274,0.5594847901386122
14_23,LA PAZ,0.5226027397260274,0.5518113574728443
15_23,LA PAZ,0.5226027397260274,0.5230756336035625
16_23,BALUNO,0.6192429022082019,0.6003959050166864
17_23,SALAAN,0.4836941627843245,0.5401452980785835
18_23,SALAAN,0.4836941627843245,0.5388651388040194
19_23,SALAAN,0.4836941627843245,0.5403765055811486
20_23,SALAAN,0.4836941627843245,0.4988814734021685
21_23,PASONANCA NATURAL PARK UNDER JURISDICTION OF ZAMBOANGA CITY,0.5018559890026025,0.5369633272942468
22_23,TOLOSA,0.5499740502734342,0.5508222611502218
23_23,TOLOSA,0.5503188245079013,0.5497277074736249
24_23,TOLOSA,0.5503188245079013,0.5564432099149689
25_23,TOLOSA,0.5503188245079013,0.5621730343250203
26_23,TOLOSA,0.5289622755258208,0.5277379089191386
27_23,LAMISAHAN,0.49202424149415197,0.5228870983240241
28_23,LAMISAHAN,0.4916569654637175,0.5029123726373481
29_23,LAMISAHAN,0.4916569654637175,0.5061666876329974
30_23,LAMISAHAN,0.4916569654637175,0.5083255187614788
31_23,LAMISAHAN,0.4912907505392829,0.5161789534914465
32_23,SANGALI,0.48748941327931195,0.4932573776431692
33_23,SANGALI,0.4853942857142857,0.49501522180378055
34_23,SANGALI,0.4853942857142857,0.6030083641983701
35_23,SANGALI,0.4853942857142857,0.6245281225915409
0_24,PATALON,0.5021701450466898,0.4915837420704998
1_24,PATALON,0.5021661327004109,0.49486553976005504
2_24,PATALON,0.5032216968363935,0.5010193024313123
3_24,PATALON,0.5038888768962476,0.4899565616347549
4_24,WATERSHED AREA UNDER JURISDICTION OF ZAMBOANGA CITY,0.504225050807573,0.52149257089869
5_24,PATALON,0.504225050807573,0.5326044694125925
6_24,PATALON,0.504225050807573,0.5242808909011244
7_24,LA PAZ,0.5226027397260274,0.5530800824361252
8_24,LA PAZ,0.5226027397260274,0.5608122277248702
9_24,WATERSHED AREA UNDER JURISDICTION OF ZAMBOANGA CITY,0.5226027397260274,0.5536223079986687
10_24,LA PAZ,0.5226027397260274,0.5037395915821247
11_24,LA PAZ,0.5226027397260274,0.5546945093774915
12_24,LA PAZ,0.5226027397260274,0.5535636332274215
13_24,PASONANCA NATURAL PARK UNDER JURISDICTION OF ZAMBOANGA CITY,0.5226027397260274,0.5632005336896118
14_24,LA PAZ,0.5226027397260274,0.5512745471250403
15_24,LA PAZ,0.5226027397260274,0.559799432097557
16_24,LA PAZ,0.5226027397260274,0.5566906465034197
17_24,LA PAZ,0.5226027397260274,0.5597360365207349
18_24,SALAAN,0.4836941627843245,0.5400601529575535
19_24,SALAAN,0.4836941627843245,0.53506496365421
20_24,SALAAN,0.4836941627843245,0.5440808439571537
21_24,TOLOSA,0.5503188245079013,0.5914120788978334
22_24,PASONANCA NATURAL PARK UNDER JURISDICTION OF ZAMBOANGA CITY,0.5503188245079013,0.5862158135292224
23_24,TOLOSA,0.5503188245079013,0.549015305314984
24_24,TOLOSA,0.5503188245079013,0.5544948962026442
25_24,TOLOSA,0.5503188245079013,0.5510331178123272
26_24,TOLOSA,0.5433611557103167,0.5661322151990816
27_24,LAMISAHAN,0.4906864733687152,0.5199028246810101
28_24,LAMISAHAN,0.48541955705665346,0.5070127729936666
29_24,LAMISAHAN,0.4863142093553047,0.5276054353266858
30_24,LAMISAHAN,0.4878243480759033,0.5140644747720925
31_24,SANGALI,0.48720221888504134,0.4937861597635261
32_24,SANGALI,0.4853942857142857,0.492001863588804
33_24,SANGALI,0.4853942857142857,0.49354055374788075
34_24,SANGALI,0.4853942857142857,0.4914240989136753
35_24,SANGALI,0.4853942857142857,0.6064643270849863
36_24,BOLONG,0.49819461592609315,0.6571661276321072
0_25,LABUAN,0.4961994743198125,0.5048703394234841
1_25,LABUAN,0.4961994743198125,0.43159880208854084
2_25,LABUAN,0.4961994743198125,0.4651487675305501
3_25,LABUAN,0.49621420918102865,0.47629413109041097
4_25,WATERSHED AREA UNDER JURISDICTION OF ZAMBOANGA CITY,0.4961994743198125,0.48474737060870837
5_25,LABUAN,0.4961994743198125,0.47746222908205127
6_25,LABUAN,0.4961994743198125,0.49248196677457917
7_25,LA PAZ,0.5226027397260274,0.5563658231910477
8_25,LA PAZ,0.5226027397260274,0.5591957945095773
9_25,LA PAZ,0.5226027397260274,0.53715822191717
10_25,LA PAZ,0.5226027397260274,0.537356681179015
11_25,LA PAZ,0.5226027397260274,0.5363967534443425
12_25,LA PAZ,0.5226027397260274,0.5531964101308106
13_25,LA PAZ,0.5226027397260274,0.5437757372009628
14_25,PASONANCA NATURAL PARK UNDER JURISDICTION OF ZAMBOANGA CITY,0.5226027397260274,0.5489215248368879
15_25,LA PAZ,0.5226027397260274,0.5502277556496064
16_25,LA PAZ,0.5226027397260274,0.5536115667418349
17_25,LA PAZ,0.5226027397260274,0.5609233672233607
18_25,LA PAZ,0.5226027397260274,0.5526543136225331
19_25,SALAAN,0.4836941627843245,0.535499110278534
20_25,TOLOSA,0.5503188245079013,0.595607269813556
21_25,TOLOSA,0.5503188245079013,0.5919288313478827
22_25,TOLOSA,0.5503188245079013,0.5970701922900182
23_25,TOLOSA,0.5503188245079013,0.5824013004457492
24_25,TOLOSA,0.5503188245079013,0.5490304260175174
25_25,TOLOSA,0.5503188245079013,0.5585778621180072
26_25,BUNGUIAO,0.45219444622824495,0.49253018883832533
27_25,BUNGUIAO,0.4178913738019169,0.4700021821963518
28_25,BUNGUIAO,0.4178913738019169,0.5041572212914339
29_25,BUNGUIAO,0.4178913738019169,0.48484020057404714
30_25,BUNGUIAO,0.4178913738019169,0.4807595376772077
31_25,BUNGUIAO,0.4477492042026775,0.5001257943381887
32_25,SANGALI,0.47712966165091397,0.4950005249621543
33_25,SANGALI,0.4673306804920533,0.5059298420629684
34_25,SANGALI,0.47023270977331194,0.5118672504774402
35_25,SANGALI,0.4961712067263998,0.5107147605199287
36_25,BOLONG,0.5075846364697566,0.5370961543776386
37_25,BOLONG,0.5075973409306742,0.6453823391473565
0_26,LABUAN,0.4961994743198125,0.5371030788064911
1_26,LABUAN,0.4961994743198125,0.4364320704217986
2_26,LABUAN,0.4961994743198125,0.4630412788890987
3_26,LABUAN,0.4961994743198125,0.466085613656406
4_26,WATERSHED AREA UNDER JURISDICTION OF ZAMBOANGA CITY,0.4961994743198125,0.48978885476205103
5_26,LABUAN,0.4961994743198125,0.47978564604170415
6_26,LIMPAPA,0.5733609166136219,0.5524726655170455
7_26,LIMPAPA,0.5733609166136219,0.5586117581693779
8_26,LA PAZ,0.5226027397260274,0.5591957945095773
9_26,LA PAZ,0.5226027397260274,0.5434919146728086
10_26,WATERSHED AREA UNDER JURISDICTION OF ZAMBOANGA CITY,0.5226027397260274,0.5526044815538325
11_26,LA PAZ,0.5226027397260274,0.5576705891621567
12_26,LA PAZ,0.5226027397260274,0.5519290883961873
13_26,LA PAZ,0.5226027397260274,0.5522785215197586
14_26,LA PAZ,0.5226027397260274,0.5606811508567088
15_26,PASONANCA NATURAL PARK UNDER JURISDICTION OF ZAMBOANGA CITY,0.5226027397260274,0.5634270006456429
16_26,LA PAZ,0.5226027397260274,0.5490595991047633
17_26,LA PAZ,0.5226027397260274,0.5562679904293408
18_26,LA PAZ,0.5226027397260274,0.560840220757724
19_26,TOLOSA,0.5503188245079013,0.60592852644581
20_26,TOLOSA,0.5503188245079013,0.6076857826705767
21_26,TOLOSA,0.5503188245079013,0.5973196463983004
22_26,TOLOSA,0.5503188245079013,0.589090198995338
23_26,PASONANCA NATURAL PARK UNDER JURISDICTION OF ZAMBOANGA CITY,0.5503188245079013,0.5588233045756477
24_26,TOLOSA,0.5503188245079013,0.5480349385166742
25_26,TOLOSA,0.5503188245079013,0.5392668685066906
26_26,BUNGUIAO,0.451800690000758,0.4813844534101517
27_26,BUNGUIAO,0.4178913738019169,0.4605279129863415
28_26,BUNGUIAO,0.4178913738019169,0.4603332710558847
29_26,BUNGUIAO,0.4178913738019169,0.4699783944962489
30_26,BUNGUIAO,0.4178913738019169,0.463110825557536
31_26,BUNGUIAO,0.4178913738019169,0.47341442126133976
32_26,BUNGUIAO,0.4178913738019169,0.4794926805746147
33_26,BUNGUIAO,0.4178913738019169,0.4842939296724157
34_26,BUNGUIAO,0.4186298127054639,0.4790053780642486
35_26,BOLONG,0.49142656527814504,0.49803934695497776
36_26,BOLONG,0.5075973409306742,0.5108694374879356
37_26,BOLONG,0.5075973409306742,0.5180815306512525
38_26,BOLONG,0.5075973409306742,0.6545369761124935
39_26,BOLONG,0.5075973409306742,0.649556205475146
0_27,LABUAN,0.4961994743198125,0.5123337561394418
1_27,LABUAN,0.4961994743198125,0.47406641913210157
2_27,LABUAN,0.4961994743198125,0.4722441417984672
3_27,LABUAN,0.4961994743198125,0.4795041340115802
4_27,WATERSHED AREA UNDER JURISDICTION OF ZAMBOANGA CITY,0.5197501063600849,0.5311956662135694
5_27,WATERSHED AREA UNDER JURISDICTION OF ZAMBOANGA CITY,0.5733609166136219,0.5702749520902225
6_27,LIMPAPA,0.5733609166136219,0.5725082297453062
7_27,LIMPAPA,0.5733609166136219,0.5584332841342408
8_27,LA PAZ,0.5226027397260274,0.5525520456958379
9_27,LA PAZ,0.5226027397260274,0.5513922780483833
10_27,LA PAZ,0.5226027397260274,0.5346169536338619
11_27,WATERSHED AREA UNDER JURISDICTION OF ZAMBOANGA CITY,0.5226027397260274,0.5639217198963109
12_27,LA PAZ,0.5226027397260274,0.5580085867973904
13_27,LA PAZ,0.5226027397260274,0.5521286729845264
14_27,LA PAZ,0.5226027397260274,0.5643903530937704
15_27,PASONANCA NATURAL PARK UNDER JURISDICTION OF ZAMBOANGA CITY,0.5226027397260274,0.5442474320250472
16_27,LA PAZ,0.5226027397260274,0.5201521469003708
17_27,LA PAZ,0.5226027397260274,0.5530283795923323
18_27,LA PAZ,0.5226027397260274,0.5267909019529438
19_27,LA PAZ,0.5226027397260274,0.5540773384566733
20_27,TOLOSA,0.5503188245079013,0.6048543428002651
21_27,TOLOSA,0.5503188245079013,0.6074881379225436
22_27,TOLOSA,0.5503188245079013,0.597460121597852
23_27,PASONANCA NATURAL PARK UNDER JURISDICTION OF ZAMBOANGA CITY,0.5503188245079013,0.5802789112033169
24_27,TOLOSA,0.5503188245079013,0.5335313235540925
25_27,TOLOSA,0.547393087009142,0.5397940463667363
26_27,BUNGUIAO,0.4691411532613949,0.47445242290334455
27_27,BUNGUIAO,0.4178913738019169,0.45717986743150246
28_27,BUNGUIAO,0.4178913738019169,0.46338681497448564
29_27,BUNGUIAO,0.4178913738019169,0.47592895643409283
30_27,BUNGUIAO,0.4178913738019169,0.4742286926686321
31_27,BUNGUIAO,0.4178913738019169,0.4672641371098726
32_27,BUNGUIAO,0.4178913738019169,0.46946816635086713
33_27,BUNGUIAO,0.4178913738019169,0.48277614889416676
34_27,BUNGUIAO,0.4210836390253386,0.47458639268071623
35_27,BOLONG,0.4966007650506788,0.5145879929353223
36_27,BOLONG,0.5075973409306742,0.5056680666468442
37_27,BOLONG,0.5075973409306742,0.518481173817986
38_27,BOLONG,0.5075973409306742,0.5284125706945363
39_27,BOLONG,0.5075973409306742,0.6615639913100706
0_28,LABUAN,0.5192236214851895,0.5389543611629444
1_28,LABUAN,0.519949534479191,0.48235274999401134
2_28,LABUAN,0.5176454514243558,0.49714100301351466
3_28,LABUAN,0.5165459090976674,0.5089976906578298
4_28,LIMPAPA,0.5714901734492017,0.5583026798462185
5_28,LIMPAPA,0.5733609166136219,0.5514357261081034
6_28,LIMPAPA,0.5733609166136219,0.568375250128514
7_28,LIMPAPA,0.5733609166136219,0.5614454750890882
8_28,LIMPAPA,0.5733609166136219,0.5561399534043514
9_28,LA PAZ,0.5226027397260274,0.5528614165338029
10_28,LA PAZ,0.5226027397260274,0.5523636481064407
11_28,WATERSHED AREA UNDER JURISDICTION OF ZAMBOANGA CITY,0.5226027397260274,0.5516907975924001
12_28,LA PAZ,0.5226027397260274,0.5239137858481366
13_28,LA PAZ,0.5226027397260274,0.5440134313052903
14_28,LA PAZ,0.5226027397260274,0.5572578408418339
15_28,PASONANCA NATURAL PARK UNDER JURISDICTION OF ZAMBOANGA CITY,0.5226027397260274,0.5182616535002713
16_28,LA PAZ,0.5226027397260274,0.5527565821320773
17_28,LA PAZ,0.5226027397260274,0.5608034618981597
18_28,LA PAZ,0.5226027397260274,0.5504080731337897
19_28,LA PAZ,0.5226027397260274,0.5604975469675181
20_28,TOLOSA,0.5503188245079013,0.6053780880883984
21_28,TOLOSA,0.5503188245079013,0.5981433146739471
22_28,TOLOSA,0.5503188245079013,0.6012313085410316
23_28,PASONANCA NATURAL PARK UNDER JURISDICTION OF ZAMBOANGA CITY,0.5503188245079013,0.5721390759883129
24_28,TOLOSA,0.5497990171425076,0.5653669704177148
25_28,BUNGUIAO,0.4800369817369773,0.49110185148043856
26_28,BUNGUIAO,0.4178913738019169,0.46959207131182523
27_28,BUNGUIAO,0.4178913738019169,0.4663406585495384
28_28,BUNGUIAO,0.4178913738019169,0.4609130092334216
29_28,BUNGUIAO,0.4178913738019169,0.46581536860882755
30_28,BUNGUIAO,0.4178913738019169,0.48001137060227345
31_28,BUNGUIAO,0.4178913738019169,0.4598198798524164
32_28,BUNGUIAO,0.4178913738019169,0.48008297300814284
33_28,BUNGUIAO,0.4178913738019169,0.47448988186133645
34_28,BUNGUIAO,0.42727175008823676,0.49941638942086786
35_28,BOLONG,0.5075973409306742,0.5109868439130384
36_28,BOLONG,0.5075973409306742,0.502867145994813
37_28,BOLONG,0.5075973409306742,0.5317178942657922
38_28,BOLONG,0.5307833067216148,0.5424822730408698
39_28,BOLONG,0.5458162319414299,0.6626441376629179
41_28,PANUBIGAN,0.6639511201629328,0.7027485714801901
0_29,LIMPAPA,0.5733609166136219,0.6440663197094871
1_29,LIMPAPA,0.5733609166136219,0.5333505661961023
2_29,LIMPAPA,0.5733609166136219,0.5261639771969729
3_29,LIMPAPA,0.5733609166136219,0.5458253110767766
4_29,LIMPAPA,0.5733609166136219,0.5375788575913062
5_29,LIMPAPA,0.5733609166136219,0.5409032110756862
6_29,LIMPAPA,0.5733609166136219,0.5449077460605509
7_29,LIMPAPA,0.5733609166136219,0.5502898596006148
8_29,LIMPAPA,0.5733609166136219,0.5741234219373106
9_29,LA PAZ,0.5226027397260274,0.5525529260484707
10_29,LA PAZ,0.5226027397260274,0.5535014168212975
11_29,WATERSHED AREA UNDER JURISDICTION OF ZAMBOANGA CITY,0.5226027397260274,0.5404446526535063
12_29,LA PAZ,0.5226027397260274,0.543729811091445
13_29,LA PAZ,0.5226027397260274,0.5288399730515827
14_29,LA PAZ,0.5226027397260274,0.5203805027593602
15_29,LA PAZ,0.5226027397260274,0.5409901493316243
16_29,LA PAZ,0.5226027397260274,0.5539810343491162
17_29,LA PAZ,0.5226027397260274,0.5538965885990905
18_29,LA PAZ,0.5226027397260274,0.5544092180001673
19_29,LA PAZ,0.5226027397260274,0.5504764111779465
20_29,TOLOSA,0.5503188245079013,0.5910694679417022
21_29,TOLOSA,0.5503188245079013,0.5749395889916462
22_29,TOLOSA,0.5503188245079013,0.5883539275774727
23_29,PASONANCA NATURAL PARK UNDER JURISDICTION OF ZAMBOANGA CITY,0.5503188245079013,0.5584543787528345
24_29,TOLOSA,0.4981056911850979,0.5221065146023228
25_29,BUNGUIAO,0.4258215465206315,0.48091789739451873
26_29,BUNGUIAO,0.4178913738019169,0.45904376116458584
27_29,BUNGUIAO,0.4178913738019169,0.4647718180087423
28_29,BUNGUIAO,0.4178913738019169,0.4714781614260527
29_29,BUNGUIAO,0.41803758105000555,0.46659172862508497
30_29,DULIAN (UPPER BUNGUIAO),0.41854198938657794,0.48043199400518455
31_29,DULIAN (UPPER BUNGUIAO),0.41864381714434545,0.4818942021980165
32_29,BUNGUIAO,0.41824856466166244,0.4722543909258535
33_29,BUNGUIAO,0.4178913738019169,0.48108120937580934
34_29,BUNGUIAO,0.44147047430998854,0.4927482012074798
35_29,BOLONG,0.5075973409306742,0.510335325104727
36_29,BOLONG,0.5412651170940501,0.5281578868488014
37_29,BOLONG,0.5858069262092938,0.5755877477065069
38_29,PANUBIGAN,0.6594049721758057,0.5610548664203969
39_29,PANUBIGAN,0.6639511201629328,0.5807815753541029
40_29,PANUBIGAN,0.6639511201629328,0.6950204292027137
41_29,PANUBIGAN,0.6639511201629328,0.7094028812100064
0_30,LIMPAPA,0.5733609166136219,0.6485169978858571
1_30,LIMPAPA,0.5733609166136219,0.5181909507044495
2_30,LIMPAPA,0.5733609166136219,0.5192400439651379
3_30,LIMPAPA,0.5733609166136219,0.5194022842909498
4_30,LIMPAPA,0.5733609166136219,0.5356590362378177
5_30,WATERSHED AREA UNDER JURISDICTION OF ZAMBOANGA CITY,0.5733609166136219,0.5486845216239632
6_30,LIMPAPA,0.5733609166136219,0.5647848535148242
7_30,LIMPAPA,0.5733609166136219,0.5683492034791245
8_30,LIMPAPA,0.5733609166136219,0.5568366954651615
9_30,LA PAZ,0.5226027397260274,0.5361740322577484
10_30,LA PAZ,0.5226027397260274,0.5514167056388257
11_30,LA PAZ,0.5226027397260274,0.5530833246287137
12_30,WATERSHED AREA UNDER JURISDICTION OF ZAMBOANGA CITY,0.5226027397260274,0.5319341348419563
13_30,LA PAZ,0.5226027397260274,0.5289288955222095
14_30,LA PAZ,0.5226027397260274,0.5027322727141802
15_30,WATERSHED AREA UNDER JURISDICTION OF ZAMBOANGA CITY,0.5226027397260274,0.5633059056175554
16_30,LA PAZ,0.5226027397260274,0.5478655611958574
17_30,LA PAZ,0.5226027397260274,0.5597853034708608
18_30,LA PAZ,0.5226027397260274,0.5530833902277774
19_30,LA PAZ,0.5226027397260274,0.5357278786901678
20_30,BUNGUIAO,0.4178913738019169,0.48272285542527965
21_30,BUNGUIAO,0.4178913738019169,0.4885706254267837
22_30,BUNGUIAO,0.4178913738019169,0.4800319212563808
23_30,PASONANCA NATURAL PARK UNDER JURISDICTION OF ZAMBOANGA CITY,0.4178913738019169,0.49116061857152504
24_30,BUNGUIAO,0.4178913738019169,0.495191602651755
25_30,BUNGUIAO,0.4178913738019169,0.46558223528907944
26_30,BUNGUIAO,0.4178913738019169,0.4584850051447546
27_30,BUNGUIAO,0.4178913738019169,0.4602315531004558
28_30,BUNGUIAO,0.4179134397864078,0.464154137893269
29_30,DULIAN (UPPER BUNGUIAO),0.41881558552602266,0.47781588952638093
30_30,DULIAN (UPPER BUNGUIAO),0.4190853122251539,0.47339911059259726
31_30,DULIAN (UPPER BUNGUIAO),0.4190853122251539,0.4767896308973698
32_30,DULIAN (UPPER BUNGUIAO),0.41908013170596164,0.4662663481591843
33_30,BUNGUIAO,0.41809793218812985,0.466986635221829
34_30,BOLONG,0.4768090599955927,0.5031299058496246
35_30,BOLONG,0.5075973409306742,0.5173795993105066
36_30,LUBIGAN,0.5759565582880684,0.5182804623202663
37_30,PANUBIGAN,0.6565599314805904,0.5487152839572592
38_30,PANUBIGAN,0.6639511201629328,0.6102050932605073
39_30,PANUBIGAN,0.6639511201629328,0.682708411332761
40_30,PANUBIGAN,0.6639511201629328,0.6989777917001342
41_30,PANUBIGAN,0.6639511201629328,0.6902993998019815
0_31,LIMPAPA,0.5733609166136219,0.6409858101314618
1_31,LIMPAPA,0.5733609166136219,0.5347046368406463
2_31,LIMPAPA,0.5733609166136219,0.5904271298896991
3_31,LIMPAPA,0.5733609166136219,0.6147504702193541
4_31,WATERSHED AREA UNDER JURISDICTION OF ZAMBOANGA CITY,0.5733609166136219,0.5475524881531291
5_31,LIMPAPA,0.5733609166136219,0.5512041771073196
6_31,LIMPAPA,0.5733609166136219,0.5724048994611084
7_31,LIMPAPA,0.5733609166136219,0.5670620869887664
8_31,LIMPAPA,0.5733609166136219,0.5664848775423695
9_31,LA PAZ,0.5226027397260274,0.5533063077999174
10_31,LA PAZ,0.5226027397260274,0.5543045092920523
11_31,LA PAZ,0.5226027397260274,0.5216196967663653
12_31,LA PAZ,0.5226027397260274,0.4965394957063832
13_31,LA PAZ,0.5226027397260274,0.4988681307976162
14_31,LA PAZ,0.5226027397260274,0.49728598358540377
15_31,LA PAZ,0.5226027397260274,0.5569017732638026
16_31,LA PAZ,0.5226027397260274,0.5527354995113501
17_31,LA PAZ,0.5226027397260274,0.5278562919924027
18_31,LA PAZ,0.5226027397260274,0.5540407975807793
19_31,BUNGUIAO,0.4178913738019169,0.5325138151183141
20_31,BUNGUIAO,0.4178913738019169,0.5307451847977159
21_31,BUNGUIAO,0.4178913738019169,0.5139332305139396
22_31,BUNGUIAO,0.4178913738019169,0.4826048496159629
23_31,PASONANCA NATURAL PARK UNDER JURISDICTION OF ZAMBOANGA CITY,0.4178913738019168,0.4935731323474964
24_31,BUNGUIAO,0.4178913738019169,0.47379463067278216
25_31,BUNGUIAO,0.4178913738019169,0.4710339707646964
26_31,BUNGUIAO,0.4178913738019169,0.4610964535193145
27_31,BUNGUIAO,0.4178913738019169,0.4787548295956854
28_31,BUNGUIAO,0.4181041749436532,0.4711905416210499
29_31,DULIAN (UPPER BUNGUIAO),0.4190853122251539,0.48035797950926146
30_31,DULIAN (UPPER BUNGUIAO),0.4190853122251539,0.4477995011787725
31_31,DULIAN (UPPER BUNGUIAO),0.4190853122251539,0.46922789927240854
32_31,DULIAN (UPPER BUNGUIAO),0.4190853122251539,0.4642738444697185
33_31,DULIAN (UPPER BUNGUIAO),0.4197781863413967,0.47062722344634805
34_31,BOLONG,0.5187483346844922,0.5248041886242507
35_31,BOLONG,0.5344278540149301,0.5326295392926367
36_31,LUBIGAN,0.588153694136049,0.5248125007814081
37_31,LUBIGAN,0.6097515057008025,0.5260315440142013
38_31,LUBIGAN,0.6203991055955339,0.5893387147223784
39_31,PANUBIGAN,0.6509737543970089,0.6858613994192356
40_31,DITA,0.6176,0.6807531399383719
0_32,LIMPAPA,0.5733609166136219,0.6591861825576992
1_32,LIMPAPA,0.5733609166136219,0.6148445398501242
4_32,LIMPAPA,0.5733609166136219,0.6518641429375029
5_32,LIMPAPA,0.5733609166136219,0.6417150562410434
6_32,LIMPAPA,0.5733609166136219,0.6345253367684426
7_32,LIMPAPA,0.5733609166136219,0.6323340547807379
8_32,LIMPAPA,0.5733609166136219,0.6356941026161046
9_32,LA PAZ,0.5226027397260274,0.6315499378411927
10_32,LA PAZ,0.5226027397260274,0.6297733982840328
11_32,LA PAZ,0.5226027397260274,0.6098080264159332
12_32,LA PAZ,0.5226027397260274,0.5830651459746915
13_32,LA PAZ,0.5226027397260274,0.5845147619695737
14_32,LA PAZ,0.5226027397260274,0.5708488309277182
15_32,LA PAZ,0.5226027397260274,0.6283477735458594
16_32,LA PAZ,0.5226027397260274,0.6292986252568863
17_32,LA PAZ,0.5226027397260274,0.6272266737348022
18_32,LA PAZ,0.5226027397260274,0.6343697979727831
19_32,BUNGUIAO,0.4178913738019169,0.6245149160970628
20_32,BUNGUIAO,0.4178913738019169,0.5231683982247706
21_32,BUNGUIAO,0.4178913738019169,0.491954053677225
22_32,BUNGUIAO,0.4178913738019169,0.47063773096878864
23_32,BUNGUIAO,0.4178913738019169,0.4762907164998301
24_32,BUNGUIAO,0.4178913738019169,0.4945504703943419
25_32,BUNGUIAO,0.4178913738019169,0.4731574200198909
26_32,BUNGUIAO,0.4178913738019169,0.4687385771225708
27_32,BUNGUIAO,0.41789422146391436,0.47026314860488033
28_32,DULIAN (UPPER BUNGUIAO),0.41881125401252595,0.48350243141013927
29_32,DULIAN (UPPER BUNGUIAO),0.4190853122251539,0.47401956022951386
30_32,DULIAN (UPPER BUNGUIAO),0.4190853122251539,0.46371872272832776
31_32,DULIAN (UPPER BUNGUIAO),0.4190853122251539,0.4544718484366297
32_32,DULIAN (UPPER BUNGUIAO),0.4190853122251539,0.46452210900023244
33_32,DULIAN (UPPER BUNGUIAO),0.4190853122251539,0.4744847994813537
34_32,LUBIGAN,0.56575347367524,0.5290842981710238
35_32,LUBIGAN,0.6066190297104175,0.545541531411864
36_32,LUBIGAN,0.6066190297104175,0.5413190081017215
37_32,LUBIGAN,0.6069743310534931,0.5375202413262177
38_32,DITA,0.6132364350981984,0.5306323057369676
39_32,DITA,0.6176,0.6104597796791671
40_32,DITA,0.6176,0.6646112597131725
41_32,DITA,0.6176,0.6727573398710653
20_33,BUNGUIAO,0.4178913738019169,0.6498385396157306
21_33,PASONANCA NATURAL PARK UNDER JURISDICTION OF ZAMBOANGA CITY,0.4178913738019169,0.5057957311902793
22_33,PASONANCA NATURAL PARK UNDER JURISDICTION OF ZAMBOANGA CITY,0.4178913738019169,0.47318330966111716
23_33,BUNGUIAO,0.4178913738019169,0.4952302402488477
24_33,BUNGUIAO,0.4178913738019169,0.47069800426566166
25_33,BUNGUIAO,0.41797231095485016,0.4703633393300934
26_33,BUNGUIAO,0.4182786214131553,0.4800094079610747
27_33,DULIAN (UPPER BUNGUIAO),0.418834385004689,0.4911165478640266
28_33,DULIAN (UPPER BUNGUIAO),0.4190853122251539,0.4793451090529048
29_33,DULIAN (UPPER BUNGUIAO),0.4190853122251539,0.4754191902874041
30_33,DULIAN (UPPER BUNGUIAO),0.4190853122251539,0.4616201823011368
31_33,DULIAN (UPPER BUNGUIAO),0.4190853122251539,0.4651069705385074
32_33,DULIAN (UPPER BUNGUIAO),0.4190853122251539,0.46281793895941703
33_33,DULIAN (UPPER BUNGUIAO),0.4967556340138135,0.49292410869032355
34_33,LUBIGAN,0.5993373079892804,0.5423068787179647
35_33,LUBIGAN,0.6066190297104175,0.5410371313893163
36_33,LUBIGAN,0.6070281662557636,0.5401123744720732
37_33,DITA,0.6161872381005962,0.5497974359169561
38_33,DITA,0.6176,0.5773592932317612
39_33,DITA,0.6176,0.5932535323797966
40_33,DITA,0.6176,0.6668931863716017
41_33,DITA,0.6176,0.6727703222974085
21_34,UNCLAIMED AREA UNDER JURISDICTION OF ZAMBOANGA CITY,0.4178913738019169,0.6394779153014378
22_34,BUNGUIAO,0.4178913738019169,0.46695599858061526
23_34,BUNGUIAO,0.4178913738019169,0.46450819866259324
24_34,BUNGUIAO,0.41798861926250064,0.47665819691050965
25_34,DULIAN (UPPER BUNGUIAO),0.41898422452663353,0.4733112174238794
26_34,DULIAN (UPPER BUNGUIAO),0.4190853122251539,0.4814457418501824
27_34,DULIAN (UPPER BUNGUIAO),0.4190853122251539,0.4900687499550738
28_34,DULIAN (UPPER BUNGUIAO),0.4190853122251539,0.4928936539995999
29_34,DULIAN (UPPER BUNGUIAO),0.4190853122251539,0.4890300564591613
30_34,DULIAN (UPPER BUNGUIAO),0.4190853122251539,0.46653573347074984
31_34,DULIAN (UPPER BUNGUIAO),0.4070741975601323,0.4440678996365227
32_34,QUINIPUT,0.3653689158345423,0.4008840117396318
33_34,QUINIPUT,0.42226930396085816,0.3999009921618357
34_34,QUINIPUT,0.4432487414778607,0.3783996045182566
35_34,QUINIPUT,0.4427670109137247,0.37528881810280695
36_34,DITA,0.49315121735166256,0.47916808357428337
37_34,DITA,0.6161901464822145,0.5591680252166897
38_34,DITA,0.6176,0.5930504286837205
39_34,DITA,0.6176,0.6658326292963573
40_34,DITA,0.6176,0.679058747777747
41_34,DITA,0.6176,0.5975540079551712
42_34,DITA,0.6176,0.6707361678357958
43_34,DITA,0.6176,0.6769037741052745
21_35,BUNGUIAO,0.4178913738019169,0.6431629283063865
22_35,UNCLAIMED AREA UNDER JURISDICTION OF ZAMBOANGA CITY,0.4178913738019169,0.48336805171854935
23_35,UNCLAIMED AREA UNDER JURISDICTION OF ZAMBOANGA CITY,0.4178913738019169,0.47808593325682724
24_35,UNCLAIMED AREA UNDER JURISDICTION OF ZAMBOANGA CITY,0.4178913738019169,0.4757767402894187
25_35,UNCLAIMED AREA UNDER JURISDICTION OF ZAMBOANGA CITY,0.4190853122251539,0.48345533506623467
26_35,DULIAN (UPPER BUNGUIAO),0.4190853122251539,0.4904839980808166
27_35,DULIAN (UPPER BUNGUIAO),0.4190853122251539,0.47297795853370317
28_35,DULIAN (UPPER BUNGUIAO),0.4262205527417394,0.46395953434876847
29_35,CURUAN,0.4849477495795491,0.49630254971300297
30_35,CURUAN,0.47512811762838913,0.49570705903388323
31_35,DULIAN (UPPER BUNGUIAO),0.41944595707411814,0.47771770345805137
32_35,QUINIPUT,0.3406266882766072,0.34883294277927285
33_35,QUINIPUT,0.3406266882766072,0.34720130427414836
34_35,QUINIPUT,0.3406266882766072,0.3404881613248974
35_35,QUINIPUT,0.3406266882766072,0.34089576702061514
36_35,QUINIPUT,0.36172176965778147,0.36288677420480736
37_35,DITA,0.617594248585844,0.5907502177778867
38_35,DITA,0.6176,0.5869304679206369
39_35,DITA,0.6176,0.6689961462167472
40_35,DITA,0.6176,0.6728753414830811
41_35,DITA,0.6176,0.66795551927623
42_35,DITA,0.6176,0.6773956984329986
43_35,DITA,0.6176,0.6754816488955032
21_36,BUNGUIAO,0.4178913738019169,0.6312244719268219
22_36,BUNGUIAO,0.4178913738019169,0.5530496641110904
23_36,BUNGUIAO,0.4178913738019169,0.4640081768350847
24_36,BUNGUIAO,0.4178913738019169,0.47984042631547275
25_36,DULIAN (UPPER BUNGUIAO),0.4190853122251539,0.48987230971960016
26_36,UNCLAIMED AREA UNDER JURISDICTION OF ZAMBOANGA CITY,0.4190853122251539,0.4938665907539142
27_36,UNCLAIMED AREA UNDER JURISDICTION OF ZAMBOANGA CITY,0.4190853122251539,0.47822178969457363
28_36,CURUAN,0.5035858444159487,0.5013069640905066
29_36,CURUAN,0.5125152625152625,0.49194900345273135
30_36,CURUAN,0.5125152625152625,0.4906696847617794
31_36,CURUAN,0.5105679961710428,0.47930360181479265
32_36,CURUAN,0.4450821424278,0.4155213302878572
33_36,QUINIPUT,0.3768293404919978,0.3814695015655393
34_36,QUINIPUT,0.34068837091353543,0.34412935840393905
35_36,QUINIPUT,0.3406266882766072,0.33697969451034476
36_36,QUINIPUT,0.34284784405216245,0.35776468340685513
37_36,DITA,0.5896515127591828,0.5785735724844292
38_36,DITA,0.6034773308733863,0.6040840289310151
22_37,BUNGUIAO,0.4178913738019169,0.6296943208985468
23_37,BUNGUIAO,0.4178913738019169,0.5959655825062368
24_37,BUNGUIAO,0.4178913738019169,0.46454585779407587
25_37,DULIAN (UPPER BUNGUIAO),0.4190853122251539,0.4736335151853526
26_37,DULIAN (UPPER BUNGUIAO),0.4190853122251539,0.507906244795454
27_37,CURUAN,0.5125152625152625,0.49575608849047886
28_37,CURUAN,0.5125152625152625,0.49653392308594263
29_37,CURUAN,0.5125152625152625,0.501483282145491
30_37,CURUAN,0.5125152625152625,0.49252087721546944
31_37,CURUAN,0.5125152625152625,0.47999002462566737
32_37,CURUAN,0.5125152625152625,0.4935401289292983
33_37,CURUAN,0.5125152625152625,0.5069003563030292
34_37,CURUAN,0.48476338043402445,0.47949693553641687
35_37,QUINIPUT,0.3656930901106128,0.37200453479412665
36_37,QUINIPUT,0.3681709427870237,0.4029995524879546
37_37,CURUAN,0.4919409780053267,0.5095897375014059
38_37,CURUAN,0.5138717541975754,0.5176218803386857
39_37,CURUAN,0.5125152625152625,0.5989307162551578
40_37,CURUAN,0.5125152625152625,0.636072061683614
24_38,BUNGUIAO,0.4178913738019169,0.5806158090230178
25_38,DULIAN (UPPER BUNGUIAO),0.4190853122251539,0.4531940514718969
26_38,CURUAN,0.5125152625152625,0.4837784332448073
27_38,CURUAN,0.5125152625152625,0.4852237958998666
28_38,CURUAN,0.5125152625152625,0.4950398252869248
29_38,CURUAN,0.5125152625152625,0.4905055330816788
30_38,CURUAN,0.5125152625152625,0.5036697779674048
31_38,CURUAN,0.5125152625152625,0.4983817692197692
32_38,CURUAN,0.5125152625152625,0.4998718273604966
33_38,CURUAN,0.5125152625152625,0.4852685751856185
34_38,CURUAN,0.5125152625152625,0.49132994171874544
35_38,CURUAN,0.5115408104221512,0.49601400263343565
36_38,CURUAN,0.5101540069256701,0.4985349364117095
37_38,CURUAN,0.5125152625152625,0.5017218352058935
38_38,CURUAN,0.5093902118783984,0.5246076745848705
39_38,BUENAVISTA,0.47007733877044344,0.6398193113020959
40_38,BUENAVISTA,0.4666843642155561,0.6408023708387941
25_39,CURUAN,0.5125152625152625,0.5857592691986125
26_39,CURUAN,0.5125152625152625,0.48751537879596357
27_39,CURUAN,0.5125152625152625,0.4840807597347029
28_39,CURUAN,0.5125152625152625,0.4982856998408748
29_39,CURUAN,0.5125152625152625,0.5052493367078336
30_39,CURUAN,0.5125152625152625,0.498644124808599
31_39,CURUAN,0.5125152625152625,0.48643749829064376
32_39,CURUAN,0.5125152625152625,0.48942508923818034
33_39,CURUAN,0.5125152625152625,0.4993744256736675
34_39,CURUAN,0.5125152625152625,0.4856118400594099
35_39,CURUAN,0.5129347931964005,0.48642708877336305
36_39,CURUAN,0.5129797605959453,0.48869008459655155
37_39,CURUAN,0.4974812328407068,0.5004172039870713
38_39,BUENAVISTA,0.47368326961861007,0.51294267577894
39_39,BUENAVISTA,0.4666843642155561,0.5066732749210147
40_39,BUENAVISTA,0.4666843642155561,0.590711970394494
26_40,CURUAN,0.5125152625152625,0.5659611631254474
27_40,CURUAN,0.5125152625152625,0.48893581865097524
28_40,CURUAN,0.5125152625152625,0.4909001670449296
29_40,CURUAN,0.5125152625152625,0.507769596959811
30_40,CURUAN,0.5125152625152625,0.50589179239814
31_40,CURUAN,0.5125152625152625,0.49533755033863136
32_40,CURUAN,0.5135143402068312,0.4837460602505992
33_40,CURUAN,0.5325392076632145,0.47673835009882004
34_40,LATUAN (CURUAN),0.5509458134522849,0.5233233244822795
35_40,LATUAN (CURUAN),0.5621601601569741,0.5393996536108935
36_40,LATUAN (CURUAN),0.5602181218950589,0.5207536201486435
37_40,BUENAVISTA,0.4731782274117887,0.48883951323317737
38_40,BUENAVISTA,0.4666843642155561,0.48647534160979494
39_40,BUENAVISTA,0.4666843642155561,0.4898201196169861
40_40,BUENAVISTA,0.4666843642155561,0.5438840452592714
26_41,CURUAN,0.5125152625152625,0.6139502370053921
27_41,UNCLAIMED AREA UNDER JURISDICTION OF ZAMBOANGA CITY,0.5125152625152625,0.4938558634612145
28_41,CURUAN,0.5125152625152625,0.49089613325196063
29_41,CURUAN,0.5125152625152625,0.4937725642136296
30_41,CURUAN,0.5125152625152625,0.4922748678592406
31_41,CURUAN,0.5362464404812264,0.4993528877308392
32_41,LATUAN (CURUAN),0.5591225247677006,0.5161082449584896
33_41,LATUAN (CURUAN),0.5624784853700516,0.5155232943517633
34_41,LATUAN (CURUAN),0.5624784853700516,0.523033005269215
35_41,LATUAN (CURUAN),0.5615303258523123,0.5287382485626767
36_41,LATUAN (CURUAN),0.5435155987040543,0.5163530489075362
37_41,CALABASA,0.5114952588337809,0.5243264087367049
38_41,BUENAVISTA,0.4822930568321847,0.4998936697870207
39_41,BUENAVISTA,0.4666843642155561,0.4845727837471344
40_41,BUENAVISTA,0.4666843642155561,0.5275509846672338
41_41,BUENAVISTA,0.4666843642155561,0.596676242878528
42_41,BUENAVISTA,0.4666843642155561,0.651305943587256
27_42,CURUAN,0.5125152625152625,0.5269567849051797
28_42,CURUAN,0.5125152625152625,0.4896266742859303
29_42,CURUAN,0.5125152625152625,0.479429853491764
30_42,CURUAN,0.5125152625152625,0.4898943017730874
31_42,CURUAN,0.5189907256134021,0.5021425567592579
32_42,LATUAN (CURUAN),0.5601585704537643,0.5269986189575815
33_42,LATUAN (CURUAN),0.5624784853700516,0.5435458823584766
34_42,LATUAN (CURUAN),0.5538667237961958,0.5219999411809543
35_42,CALABASA,0.5316995334797069,0.5137764459188264
36_42,CALABASA,0.5246428571428572,0.5139936869187679
37_42,CALABASA,0.5246428571428572,0.5059423538475092
38_42,CALABASA,0.515583629801501,0.5360259190794399
39_42,BUENAVISTA,0.466770743827416,0.4936925173024082
40_42,BUENAVISTA,0.4666843642155561,0.49925407450605036
41_42,BUENAVISTA,0.4666843642155561,0.5152226445058876
42_42,BUENAVISTA,0.4666843642155561,0.6472937919879693
27_43,CURUAN,0.5125152625152625,0.5088249603319824
28_43,CURUAN,0.5125152625152625,0.4900451139509816
29_43,CURUAN,0.5125152625152625,0.49008654639116067
30_43,CURUAN,0.5125152625152625,0.49714116622450694
31_43,CURUAN,0.5125152625152625,0.4999515889292062
32_43,LATUAN (CURUAN),0.5466327237694983,0.5144540030845396
33_43,LATUAN (CURUAN),0.5442122543137355,0.517250094501576
34_43,CALABASA,0.5254224648288014,0.5007128456271219
35_43,CALABASA,0.5246428571428572,0.49476761101479044
36_43,CALABASA,0.5246428571428572,0.4950212634474988
37_43,CALABASA,0.5246428571428572,0.5033846742329667
38_43,CALABASA,0.514420628672638,0.5365325927484238
39_43,BUENAVISTA,0.47194007880512956,0.5025914632283254
40_43,BUENAVISTA,0.4666843642155561,0.5100022587810404
41_43,BUENAVISTA,0.4771815899981805,0.5127872967503666
42_43,MUTI,0.5500024597032886,0.6769052131930678
27_44,CURUAN,0.5125152625152625,0.5075304983010666
28_44,CURUAN,0.5125152625152625,0.5073689007637049
29_44,UNCLAIMED AREA UNDER JURISDICTION OF ZAMBOANGA CITY,0.5125152625152625,0.49457460437318007
30_44,CURUAN,0.5125152625152625,0.499102792194111
31_44,LATUAN (CURUAN),0.5624784853700516,0.5416555557251158
32_44,LATUAN (CURUAN),0.5609326942393645,0.5485811250079229
33_44,CALABASA,0.5260717442053842,0.49651271304873007
34_44,CALABASA,0.5246428571428572,0.49270368804573783
35_44,CALABASA,0.5246428571428572,0.4941949631759314
36_44,CALABASA,0.5246428571428572,0.5183653959561636
37_44,CALABASA,0.5246428571428572,0.516763034228829
38_44,CALABASA,0.52464462305071,0.5274183431544699
39_44,CALABASA,0.5288398025517432,0.5472063552541673
40_44,MUTI,0.5553079345609182,0.5695791994687606
41_44,MUTI,0.5941287529966558,0.5771455887419716
42_44,MUTI,0.6123529411764705,0.6297703905946471
27_45,CURUAN,0.5125152625152625,0.6011292738699864
28_45,CURUAN,0.5125152625152625,0.6148220290850905
29_45,CURUAN,0.5125152625152625,0.6202973630343454
30_45,LATUAN (CURUAN),0.5624784853700516,0.5758773576073132
31_45,UNCLAIMED AREA UNDER JURISDICTION OF ZAMBOANGA CITY,0.5624784853700516,0.529347166807868
32_45,LATUAN (CURUAN),0.554131911267436,0.5429061252829136
33_45,CALABASA,0.5259680389276412,0.5021786096572405
34_45,CALABASA,0.5246428571428572,0.4878072506390977
35_45,CALABASA,0.5246428571428572,0.48989626133255276
36_45,CALABASA,0.5246428571428572,0.5209887167477296
37_45,CALABASA,0.5294313718051694,0.513489511184143
38_45,MUTI,0.5791290299625882,0.5629929811704854
39_45,MUTI,0.6123529411764705,0.571863076893965
40_45,MUTI,0.6123529411764705,0.5740676166812257
41_45,MUTI,0.6123529411764705,0.5814090991667207
42_45,MUTI,0.6123529411764705,0.6448372080004432
30_46,LATUAN (CURUAN),0.5624784853700516,0.6264110918143865
31_46,LATUAN (CURUAN),0.5624784853700516,0.5147591877736098
32_46,UNCLAIMED AREA UNDER JURISDICTION OF ZAMBOANGA CITY,0.5246428571428572,0.49926892550303203
33_46,CALABASA,0.5246428571428572,0.49843495128684145
34_46,CALABASA,0.5246428571428572,0.4966528245660891
35_46,CALABASA,0.5246428571428572,0.4921096344799912
36_46,CALABASA,0.5248157423377006,0.5059623388636796
37_46,MUTI,0.5811147580410537,0.5393838373741149
38_46,MUTI,0.6123529411764705,0.5622563529952765
39_46,MUTI,0.6123529411764705,0.5580532576977528
40_46,MUTI,0.6123529411764705,0.5538895262671782
41_46,MUTI,0.6123529411764705,0.5632883375486077
42_46,MUTI,0.6123529411764705,0.5759149839950807
43_46,MUTI,0.6123529411764705,0.6639834411480625
31_47,CALABASA,0.5246428571428572,0.5090704130356242
32_47,CALABASA,0.5246428571428572,0.49946669840073626
33_47,CALABASA,0.5246428571428572,0.502590308751556
34_47,CALABASA,0.5246428571428572,0.5063026083239527
35_47,CALABASA,0.5246428571428572,0.4918360296990448
36_47,CALABASA,0.5605658912890137,0.5438458546993339
37_47,MUTI,0.6092534004348903,0.5497059031584475
38_47,MUTI,0.5848677867254172,0.5357602862684684
39_47,MUTI,0.5450985714265404,0.5400780883087701
40_47,MUTI,0.5551329728915622,0.531883494017088
41_47,MUTI,0.5997868962326353,0.5591325530385031
42_47,MUTI,0.6150745482993614,0.5527389601338456
43_47,MUTI,0.6136320464870161,0.6669957414027933
30_48,CALABASA,0.5246428571428572,0.6194058168106992
31_48,CALABASA,0.5246428571428572,0.4895550888078241
32_48,CALABASA,0.5246428571428572,0.502897014163942
33_48,UNCLAIMED AREA UNDER JURISDICTION OF ZAMBOANGA CITY,0.5246428571428572,0.5111553870978873
34_48,UNCLAIMED AREA UNDER JURISDICTION OF ZAMBOANGA CITY,0.5243791822393871,0.5253491637985046
35_48,CALABASA,0.48820982903862964,0.5307328284243319
36_48,TAGASILAY,0.4644271155298363,0.4987137566601735
37_48,TAGASILAY,0.4748736014542928,0.5069890874901992
38_48,TAGASILAY,0.448496140537663,0.5061034768408251
39_48,TAGASILAY,0.448496140537663,0.5037616144008867
40_48,TAGASILAY,0.448496140537663,0.5042566608774949
41_48,TAGASILAY,0.5032222795033906,0.5116730633036993
42_48,TAGUITI,0.6423076923076924,0.5699139099304861
43_48,TAGUITI,0.6423076923076924,0.6612845293479807
30_49,SIBULAO (CARUAN),0.5469912102772143,0.592748950560212
31_49,SIBULAO (CARUAN),0.5469912102772143,0.5184830027719418
32_49,SIBULAO (CARUAN),0.5469912102772143,0.5340117172912437
33_49,SIBULAO (CARUAN),0.5469912102772143,0.529493760145044
34_49,UNCLAIMED AREA UNDER JURISDICTION OF ZAMBOANGA CITY,0.4835682786269586,0.5142661916109513
35_49,TAGASILAY,0.46641506743976835,0.5193009791150547
36_49,TAGASILAY,0.44923993292699166,0.49632753761429016
37_49,TAGASILAY,0.448496140537663,0.4895716422416093
38_49,TAGASILAY,0.448496140537663,0.49520262733430004
39_49,TAGASILAY,0.448496140537663,0.4837766325921466
40_49,TAGASILAY,0.448496140537663,0.4867548216094957
41_49,TAGUITI,0.5472922289237658,0.5297782432913533
42_49,TAGUITI,0.6423076923076924,0.5762218838623417
43_49,TAGUITI,0.6423076923076924,0.6270119670336479
47_49,TAGUITI,0.6423076923076924,0.6800757290436397
30_50,SIBULAO (CARUAN),0.5469912102772143,0.5582250687473408
31_50,SIBULAO (CARUAN),0.5469912102772143,0.5395372235336537
32_50,SIBULAO (CARUAN),0.5469912102772143,0.5304549568926503
33_50,UNCLAIMED AREA UNDER JURISDICTION OF ZAMBOANGA CITY,0.5469912102772143,0.5300631542323987
34_50,SIBULAO (CARUAN),0.5469912102772143,0.5215846716761356
35_50,SIBULAO (CARUAN),0.5469910876941673,0.5323740552155383
36_50,SIBULAO (CARUAN),0.5461387379129236,0.53583408769648
37_50,SIBULAO (CARUAN),0.5144759796900797,0.5102629866264616
38_50,TAGASILAY,0.45004632097685676,0.4878488873750031
39_50,TAGASILAY,0.448496140537663,0.48894218345532225
40_50,TAGASILAY,0.4408158327831553,0.4892621651710553
41_50,TAGUITI,0.5791594962539623,0.5295644331205941
42_50,TAGUITI,0.6423076923076924,0.5723242471788701
43_50,TAGUITI,0.6423076923076924,0.6471774799622706
45_50,TAGUITI,0.6423076923076924,0.6877635303585906
46_50,TAGUITI,0.6423076923076924,0.6813139526935353
47_50,TAGUITI,0.6423076923076924,0.6714414301152707
48_50,LIMAONG,0.6303069905830889,0.6726920245378225
49_50,LIMAONG,0.6243282852955545,0.6797827486002176
29_51,SIBULAO (CARUAN),0.5469912102772143,0.6622732182607054
30_51,SIBULAO (CARUAN),0.5469912102772143,0.5366693332917013
31_51,SIBULAO (CARUAN),0.5469912102772143,0.5302196913904712
32_51,UNCLAIMED AREA UNDER JURISDICTION OF ZAMBOANGA CITY,0.5469912102772143,0.5222023942188231
33_51,SIBULAO (CARUAN),0.5469912102772143,0.5225058055891624
34_51,SIBULAO (CARUAN),0.5469912102772143,0.5307567963019288
35_51,SIBULAO (CARUAN),0.5469912102772143,0.5315361764506942
36_51,SIBULAO (CARUAN),0.5469912102772143,0.5279617922085464
37_51,SIBULAO (CARUAN),0.5453643298492536,0.5312818454631142
38_51,TAGASILAY,0.44729063180746115,0.488323338680825
39_51,TIGBALABAG,0.4024880999543048,0.4579176344088566
40_51,TIGBALABAG,0.37538702688136316,0.3905813597775478
41_51,TIGBALABAG,0.36879544553903165,0.40337868212688216
42_51,TIGBALABAG,0.48538303451384057,0.4722958106898297
43_51,TAGUITI,0.5175548292327365,0.6188421292526834
45_51,LIMAONG,0.6243282852955545,0.6782062517658461
46_51,LIMAONG,0.6243282852955545,0.6719971792672911
47_51,LIMAONG,0.6268834642341624,0.6758224284807751
48_51,LIMAONG,0.6243283045677291,0.5988646657124558
49_51,LIMAONG,0.6243282852955545,0.6442031584457126
29_52,SIBULAO (CARUAN),0.5469912102772143,0.6292832593748454
30_52,SIBULAO (CARUAN),0.5469912102772143,0.5386247601528513
31_52,UNCLAIMED AREA UNDER JURISDICTION OF ZAMBOANGA CITY,0.5469912102772143,0.519935832882974
32_52,SIBULAO (CARUAN),0.5469912102772143,0.5224544743712078
33_52,SIBULAO (CARUAN),0.5469912102772143,0.5306480551831122
34_52,SIBULAO (CARUAN),0.5469912102772143,0.5264331496271913
35_52,SIBULAO (CARUAN),0.5469912102772143,0.5327105317489657
36_52,SIBULAO (CARUAN),0.5469912102772143,0.5267895155080852
37_52,SIBULAO (CARUAN),0.5469912102772143,0.5243870344578804
38_52,TIGBALABAG,0.43518234764345,0.44271106398321797
39_52,TIGBALABAG,0.3676572218382861,0.4074647828379036
40_52,TIGBALABAG,0.3676572218382861,0.3995237245085576
41_52,TIGBALABAG,0.3676572218382861,0.3801561746392836
42_52,TIGBALABAG,0.3676572218382861,0.4061070495600537
43_52,TIGBALABAG,0.37026957856088943,0.430998758986266
44_52,MANGUSU,0.443729607180515,0.5801274692814755
45_52,MANGUSU,0.4906398910823689,0.586060339589391
46_52,LIMAONG,0.6222411715469532,0.6264020103783878
47_52,LIMAONG,0.6243282852955545,0.6353284951634015
48_52,LIMAONG,0.6243282852955545,0.6182616716202407
49_52,LIMAONG,0.6243282852955545,0.5925244692680274
50_52,LIMAONG,0.6243282852955545,0.6341965954614917
51_52,LIMAONG,0.6243282852955545,0.6811126023997308
29_53,SIBULAO (CARUAN),0.5469912102772143,0.5745753256284619
30_53,UNCLAIMED AREA UNDER JURISDICTION OF ZAMBOANGA CITY,0.5469912102772143,0.5359219934559611
31_53,SIBULAO (CARUAN),0.5469912102772143,0.5238690687606518
32_53,SIBULAO (CARUAN),0.5469912102772143,0.5365176088022829
33_53,SIBULAO (CARUAN),0.5469912102772143,0.5431874880173635
34_53,SIBULAO (CARUAN),0.5469912102772143,0.5427560967102474
35_53,SIBULAO (CARUAN),0.5469912102772143,0.5351232165807738
36_53,SIBULAO (CARUAN),0.5469912102772143,0.5169990066268838
37_53,SIBULAO (CARUAN),0.5469912102772143,0.5217555414454265
38_53,SIBULAO (CARUAN),0.5116566268177044,0.5090194288932861
39_53,TIGBALABAG,0.4046208043891312,0.440484068396796
40_53,TIGBALABAG,0.4202739479109761,0.41408330482693606
41_53,MANGUSU,0.46721053844882077,0.44830999675195293
42_53,MANGUSU,0.43726960880717536,0.3969913954993881
43_53,MANGUSU,0.47008216218765386,0.47367937766345247
44_53,MANGUSU,0.4906398910823689,0.48997152100574537
45_53,MANGUSU,0.4906398910823689,0.4859329601119975
46_53,MANGUSU,0.5303017166457523,0.5516016765869068
47_53,LIMAONG,0.6243282852955545,0.6287401196680932
48_53,LIMAONG,0.6243282852955545,0.596221344392023
49_53,LIMAONG,0.6243282852955545,0.5854183028405808
50_53,LIMAONG,0.6243282852955545,0.5879083401689091
51_53,LIMAONG,0.6243282852955545,0.651033197482108
28_54,SIBULAO (CARUAN),0.5469912102772143,0.6519488770422697
29_54,SIBULAO (CARUAN),0.5469912102772143,0.5407946298720618
30_54,UNCLAIMED AREA UNDER JURISDICTION OF ZAMBOANGA CITY,0.5469912102772143,0.5454036252902281
31_54,SIBULAO (CARUAN),0.5469912102772143,0.5189173991164263
32_54,SIBULAO (CARUAN),0.5469912102772143,0.5374779938052304
33_54,SIBULAO (CARUAN),0.5469912102772143,0.5614101156741975
34_54,SIBULAO (CARUAN),0.5469912102772143,0.5636261141218369
35_54,SIBULAO (CARUAN),0.5469912102772143,0.5464341162909992
36_54,SIBULAO (CARUAN),0.5469912102772143,0.5377535741002681
37_54,SIBULAO (CARUAN),0.5469912102772143,0.5289650917809785
38_54,SIBULAO (CARUAN),0.5469912102772143,0.538787655986851
39_54,SIBULAO (CARUAN),0.543534228507291,0.5358894442606069
40_54,VITALI,0.49249370882688837,0.4727335657311121
41_54,VITALI,0.48571974731953793,0.4419809032799851
42_54,MANGUSU,0.4906398910823689,0.4132253403374172
43_54,MANGUSU,0.4906398910823689,0.4380839282363525
44_54,MANGUSU,0.4906398910823689,0.4381812280964656
45_54,MANGUSU,0.4906398910823689,0.46008706522359644
46_54,MANGUSU,0.4908010875434024,0.5051905801759689
47_54,LIMAONG,0.6015340598369239,0.5932805736434315
48_54,LIMAONG,0.6243282852955545,0.614698619059269
49_54,LIMAONG,0.6243282852955545,0.5994153029072862
50_54,LIMAONG,0.6243282852955545,0.5842233546375273
51_54,LIMAONG,0.6243282852955545,0.5870784785457726
52_54,LIMAONG,0.6243282852955545,0.6662808250715463
29_55,SIBULAO (CARUAN),0.5469912102772143,0.5299949531545421
30_55,UNCLAIMED AREA UNDER JURISDICTION OF ZAMBOANGA CITY,0.5469912102772143,0.5300105038225774
31_55,SIBULAO (CARUAN),0.5469912102772143,0.5290120749240985
32_55,SIBULAO (CARUAN),0.5469912102772143,0.5380749756471609
33_55,SIBULAO (CARUAN),0.5469912102772143,0.554990933504406
34_55,SIBULAO (CARUAN),0.5469912102772143,0.5414521337203323
35_55,SIBULAO (CARUAN),0.5469912102772143,0.5608232005478466
36_55,SIBULAO (CARUAN),0.5383388082756179,0.5288441190348725
37_55,SIBULAO (CARUAN),0.5225632248441148,0.5078791203543576
38_55,VITALI,0.5116740101880932,0.4885071153377892
39_55,VITALI,0.4960819080878159,0.4555037488355851
40_55,VITALI,0.4823974396275822,0.4070435576178549
41_55,MANGUSU,0.4872807705965738,0.45597002522909186
42_55,MANGUSU,0.4906398910823689,0.41505455733488394
43_55,MANGUSU,0.4906318447828791,0.45447371894241
44_55,MANGUSU,0.489818181030466,0.458501629831282
45_55,VITALI,0.4861043796579988,0.48109468891777596
46_55,VITALI,0.48543948613446763,0.45799312280999005
47_55,LIMAONG,0.5769871538953224,0.5565955401565709
48_55,LIMAONG,0.6243282852955545,0.600167879497496
49_55,LIMAONG,0.6243282852955545,0.5953866709953871
50_55,LIMAONG,0.6243282852955545,0.5924050897673674
51_55,LIMAONG,0.6243282852955545,0.5960154588133363
52_55,LIMAONG,0.6243282852955545,0.604850288720773
53_55,TUMITUS,0.6375864543351695,0.6826282827193269
55_55,TUMITUS,0.6498545101842871,0.6903068991225072
56_55,TUMITUS,0.6498545101842871,0.7007565763336764
29_56,SIBULAO (CARUAN),0.5469912102772143,0.5344311029481333
30_56,UNCLAIMED AREA UNDER JURISDICTION OF ZAMBOANGA CITY,0.5469912102772143,0.5263355990201432
31_56,SIBULAO (CARUAN),0.5469912102772143,0.5351076029564311
32_56,SIBULAO (CARUAN),0.5438738033352527,0.5225661140671852
33_56,SIBULAO (CARUAN),0.5304490067143437,0.5025034226190201
34_56,VITALI,0.5101634503225785,0.5118196532395402
35_56,VITALI,0.48975504470530995,0.48714303420694854
36_56,VITALI,0.4826567680783301,0.46724813828141387
37_56,VITALI,0.4823974396275822,0.43124348965707765
38_56,VITALI,0.4823974396275822,0.42500095215209144
39_56,VITALI,0.4823974396275822,0.42467992955167233
40_56,VITALI,0.4823974396275822,0.4205492728173747
41_56,VITALI,0.4824028707131994,0.4086890348860016
42_56,VITALI,0.4838084170171417,0.446788015235385
43_56,VITALI,0.4826843682229729,0.41783083752888767
44_56,VITALI,0.4837566381134519,0.4476769687191666
45_56,VITALI,0.4823974396275822,0.42163913434699696
46_56,VITALI,0.4996995334127438,0.4817136453549541
47_56,LIMAONG,0.6116877344299851,0.5882369811732933
48_56,LIMAONG,0.6243282852955545,0.5923589940017581
49_56,LIMAONG,0.6243282852955545,0.5919906645537201
50_56,LIMAONG,0.6243682947909913,0.586608982314599
51_56,LIMAONG,0.6322262679124309,0.5900038799122642
52_56,TUMITUS,0.6435067431368572,0.6035264759950646
53_56,TUMITUS,0.6498387567018745,0.6733162253532591
55_56,TUMITUS,0.6498545101842871,0.6903068991225072
56_56,TUMITUS,0.6498545101842871,0.7007565763336764
29_57,VITALI,0.4823974396275822,0.5455945280671498
30_57,UNCLAIMED AREA UNDER JURISDICTION OF ZAMBOANGA CITY,0.4900815076918867,0.4619737919445334
31_57,VITALI,0.4883301720788898,0.46691445444844765
32_57,VITALI,0.48279550293440915,0.4216002780045022
33_57,VITALI,0.4823974396275822,0.4483808718381711
34_57,VITALI,0.4823974396275822,0.4089575647238818
35_57,VITALI,0.4823974396275822,0.4156848669234963
36_57,VITALI,0.4823974396275822,0.4476038147987411
37_57,VITALI,0.4823974396275822,0.4506432322659786
38_57,VITALI,0.4823974396275822,0.44840995529520766
39_57,VITALI,0.4823974396275822,0.42366949589875125
40_57,VITALI,0.4823974396275822,0.4166821343798195
41_57,VITALI,0.4823974396275822,0.41969241702845034
42_57,VITALI,0.4823974396275822,0.41780661450936035
43_57,VITALI,0.4823974396275822,0.3980504053190891
44_57,VITALI,0.4823974396275822,0.42288015999889156
45_57,VITALI,0.4827732005097421,0.44603417126982486
46_57,VITALI,0.538543885327623,0.507445839721143
47_57,LIMAONG,0.6147987874996595,0.5831017954780197
48_57,LIMAONG,0.6243282852955545,0.6089169243124206
49_57,LIMAONG,0.6243282852955545,0.5813043724559196
50_57,LIMAONG,0.6333089303521753,0.5828897521348313
51_57,TUMITUS,0.6498545101842871,0.5996599335947075
52_57,TUMITUS,0.6498545101842871,0.5969650757287347
53_57,TUMITUS,0.6498545101842871,0.6388884567957752
29_58,VITALI,0.4823974396275822,0.5653607130746124
30_58,UNCLAIMED AREA UNDER JURISDICTION OF ZAMBOANGA CITY,0.4823974396275822,0.44730536017288897
31_58,VITALI,0.4823974396275822,0.46668665569358125
32_58,VITALI,0.4823974396275822,0.4476769841910464
33_58,VITALI,0.4823974396275822,0.45672953641390707
34_58,VITALI,0.4823974396275822,0.44181840150692003
35_58,VITALI,0.4823974396275822,0.4379686386718904
36_58,VITALI,0.4823974396275822,0.4383815459116146
37_58,VITALI,0.4823974396275822,0.4347919196031019
38_58,VITALI,0.4823974396275822,0.44814533483094965
39_58,VITALI,0.4823974396275822,0.42411383237125855
40_58,VITALI,0.4823974396275822,0.4230995749542184
41_58,VITALI,0.4823974396275822,0.42130023400308786
42_58,VITALI,0.4823974396275822,0.41983110368344007
43_58,VITALI,0.4823974396275822,0.421035966141952
44_58,VITALI,0.4823974396275822,0.4112516634176546
45_58,VITALI,0.49703491552076523,0.47445041347053013
46_58,LIMAONG,0.5995877438449956,0.5852970018901449
47_58,LIMAONG,0.6199849172601191,0.5804514196136747
48_58,LIMAONG,0.6243282852955545,0.6023595552791818
49_58,LIMAONG,0.6243360717800145,0.5790469828515141
50_58,TUMITUS,0.6440390189788194,0.5848067164938663
51_58,TUMITUS,0.6498545101842871,0.5973683703632522
52_58,TUMITUS,0.6498545101842871,0.5909164422355058
53_58,TUMITUS,0.6498545101842871,0.586154149558699
54_58,TUMITUS,0.6498545101842871,0.6742689004773351
58_58,TUMITUS,0.6498545101842871,0.6977810403127213
30_59,VITALI,0.4823974396275822,0.5589269163371355
31_59,VITALI,0.4823974396275822,0.4463098380559793
32_59,VITALI,0.4823974396275822,0.4481310725502288
33_59,VITALI,0.4823974396275822,0.4340677374773604
34_59,VITALI,0.4823974396275822,0.41968828874298447
35_59,VITALI,0.4823974396275822,0.4209021613705131
36_59,VITALI,0.4823974396275822,0.43740594724244547
37_59,VITALI,0.4823974396275822,0.4446761644380717
38_59,VITALI,0.4823974396275822,0.4513207364847077
39_59,VITALI,0.4823974396275822,0.4419700893467249
40_59,VITALI,0.4823974396275822,0.42335348255319255
41_59,VITALI,0.4823974396275822,0.43028061437708587
42_59,VITALI,0.4823974396275822,0.43247508571085935
43_59,VITALI,0.4823974396275822,0.4411618404830901
44_59,VITALI,0.4856980121365236,0.4773088703883815
45_59,TICTAPUL,0.5018538843397783,0.4579464075133483
46_59,TICTAPUL,0.5208116545265349,0.5094584833769596
47_59,LIMAONG,0.5974124524025715,0.5668946014372352
48_59,LIMAONG,0.6243282852955545,0.6064832589747119
49_59,LIMAONG,0.6334954786674685,0.5973344715360702
50_59,TUMITUS,0.6498545101842871,0.606540029157426
51_59,TUMITUS,0.6498545101842871,0.6198152348998682
52_59,TUMITUS,0.6498545101842871,0.6463688919875472
53_59,TUMITUS,0.6498545101842871,0.6373696217635191
54_59,TUMITUS,0.6498545101842871,0.6880998710599826
55_59,TUMITUS,0.6498545101842871,0.6960396897933758
58_59,TUMITUS,0.6498545101842871,0.7016937078635774
30_60,VITALI,0.4823974396275822,0.56754006702319
31_60,VITALI,0.4823974396275822,0.4497211466759049
32_60,VITALI,0.4823974396275822,0.458937158496211
33_60,VITALI,0.4823974396275822,0.4191174768641851
34_60,VITALI,0.4823974396275822,0.417183014630375
35_60,VITALI,0.4823974396275822,0.4193065364015507
36_60,VITALI,0.4823974396275822,0.43650286630954666
37_60,VITALI,0.4823974396275822,0.4461415618155563
38_60,VITALI,0.4823974396275822,0.44974981462278135
39_60,VITALI,0.4823974396275822,0.43643396617875574
40_60,VITALI,0.4823974396275822,0.43411909862009035
41_60,VITALI,0.4823974396275822,0.42877177939835837
42_60,VITALI,0.4823974396275822,0.4521545303659672
43_60,VITALI,0.48915954185559596,0.49051613435720604
44_60,TICTAPUL,0.5200365611247167,0.48884065254382625
45_60,TICTAPUL,0.5208116545265349,0.49303690016556323
46_60,TICTAPUL,0.5208116545265349,0.5037693562431951
47_60,TICTAPUL,0.5319514451736924,0.5164502722473232
48_60,LIMAONG,0.6045765403222563,0.5945839376809956
49_60,LIMAONG,0.6244349480183677,0.6597611207041976
50_60,TUMITUS,0.6498545101842871,0.6828290259080668
51_60,TUMITUS,0.6498545101842871,0.6960741319924496
52_60,TUMITUS,0.6498545101842871,0.6955825493703075
30_61,VITALI,0.4823974396275822,0.5683548559041075
31_61,VITALI,0.4823974396275822,0.44338047623327603
32_61,VITALI,0.4823974396275822,0.4487969471472541
33_61,VITALI,0.4823974396275822,0.4513213734768788
34_61,VITALI,0.4823974396275822,0.43901204422256834
35_61,VITALI,0.4823974396275822,0.43904505922335046
36_61,VITALI,0.4823974396275822,0.45043656302811497
37_61,VITALI,0.4823974396275822,0.4500029312199465
38_61,VITALI,0.4823974396275822,0.45616994822888673
39_61,VITALI,0.4823974396275822,0.4417853634884951
40_61,VITALI,0.4823974396275822,0.43438677764447997
41_61,VITALI,0.4823974396275822,0.44317255538181155
42_61,VITALI,0.4823974396275822,0.45068913012591066
43_61,TICTAPUL,0.5051640227482135,0.4968099652301791
44_61,TICTAPUL,0.5208116545265349,0.5065005303261878
45_61,TICTAPUL,0.5208116545265349,0.5020928238578279
46_61,TICTAPUL,0.5208116545265349,0.4949171684071927
47_61,TICTAPUL,0.5208116545265349,0.4908585592590338
48_61,TICTAPUL,0.5623314875928029,0.5381599588659939
49_61,LIMAONG,0.6243282852955545,0.6235229095903209
50_61,LIMAONG,0.6243282852955545,0.6834318598899017
52_61,TUMITUS,0.6498545101842871,0.7053230178228251
31_62,VITALI,0.4823974396275822,0.498571515602625
32_62,VITALI,0.4823974396275822,0.4489854671142793
33_62,VITALI,0.4823974396275822,0.4183178880560812
34_62,VITALI,0.4823974396275822,0.41680164781793944
35_62,VITALI,0.4823974396275822,0.43693347985317693
36_62,VITALI,0.4823974396275822,0.4493405770213775
37_62,VITALI,0.4823974396275822,0.46003865471337496
38_62,VITALI,0.4823974396275822,0.4557897669308034
39_62,VITALI,0.4823974396275822,0.4462853546824672
40_62,VITALI,0.48665618637786423,0.48256197273192775
41_62,VITALI,0.4889602805983887,0.48705282565389957
42_62,VITALI,0.5012334981454986,0.4842414657751321
43_62,TICTAPUL,0.5212769352440235,0.5063142441852361
44_62,TICTAPUL,0.5382560499610359,0.5283616288613243
45_62,TICTAPUL,0.5443059074111646,0.5193537386374915
46_62,TICTAPUL,0.5442323248548373,0.513898805086125
47_62,LICOMO,0.5559717611864099,0.504126898338334
48_62,TICTAPUL,0.5468463113653463,0.541476691819079
49_62,TICTAPUL,0.5367354490893217,0.5590914337469327
50_62,TICTAPUL,0.5208116545265349,0.6009927973874876
31_63,VITALI,0.4823974396275822,0.5686396649621216
32_63,VITALI,0.4823974396275822,0.477576758671116
33_63,VITALI,0.4823974396275822,0.4626792990090097
34_63,VITALI,0.4823974396275822,0.4463142952870549
35_63,VITALI,0.4823974396275822,0.4169282681037469
36_63,VITALI,0.4823974396275822,0.4438307378729667
37_63,VITALI,0.4823974396275822,0.4365675320774588
38_63,VITALI,0.4886047857063176,0.4855282730928164
39_63,TICTAPUL,0.5083636101084111,0.4864284446836237
40_63,TICTAPUL,0.5206763656027615,0.4865700892527316
41_63,TICTAPUL,0.525739141006413,0.5175951947821088
42_63,LICOMO,0.5585704504070661,0.5136912352507644
43_63,LICOMO,0.5711438525482213,0.5396391740666104
44_63,LICOMO,0.579651261215507,0.5593034589526475
45_63,LICOMO,0.579651261215507,0.542025212122826
46_63,LICOMO,0.579651261215507,0.5424536942001071
47_63,LICOMO,0.579651261215507,0.5405038931400533
48_63,LICOMO,0.579651261215507,0.5746093429114422
49_63,LICOMO,0.579651261215507,0.6452540095248341
32_64,VITALI,0.4823974396275822,0.5698722685502596
33_64,VITALI,0.4823974396275822,0.5561494258034813
34_64,VITALI,0.4823974396275822,0.47694230933506704
35_64,VITALI,0.4823974396275822,0.4313107423879979
36_64,VITALI,0.4823974396275822,0.4455735644837814
37_64,VITALI,0.48986333223455153,0.47399699067692225
38_64,TICTAPUL,0.5197426247081781,0.4832430293133617
39_64,TICTAPUL,0.5208116545265349,0.5004524276964514
40_64,TICTAPUL,0.5208116545265349,0.49032584961104886
41_64,TICTAPUL,0.5442998732118218,0.5334290428939209
42_64,LICOMO,0.579651261215507,0.5321986934911301
43_64,LICOMO,0.579651261215507,0.548272622974504
44_64,LICOMO,0.579651261215507,0.5645674658030552
45_64,LICOMO,0.579651261215507,0.5397871428132569
46_64,LICOMO,0.579651261215507,0.5329055261495458
47_64,LICOMO,0.579651261215507,0.5348443563303331
48_64,LICOMO,0.579651261215507,0.5848212986822198
49_64,LICOMO,0.579651261215507,0.6240175729411752
34_65,VITALI,0.4823974396275822,0.5653808254837632
35_65,VITALI,0.4823974396275822,0.5602407499283104
36_65,VITALI,0.48567553839549354,0.4713793007477713
37_65,TICTAPUL,0.5143358232312808,0.4508425895767919
38_65,TICTAPUL,0.5208116545265349,0.4889400126731465
39_65,TICTAPUL,0.5208116545265349,0.48769960236780174
40_65,TICTAPUL,0.5208116545265349,0.4873674708958609
41_65,LICOMO,0.5666338677597196,0.5245610069740381
42_65,LICOMO,0.579651261215507,0.5416369899216954
43_65,LICOMO,0.579651261215507,0.5389997624682226
44_65,LICOMO,0.579651261215507,0.5427093362313137
45_65,LICOMO,0.579651261215507,0.5466903978557154
46_65,LICOMO,0.579651261215507,0.5440887705712715
47_65,LICOMO,0.579651261215507,0.5382989285239558
48_65,LICOMO,0.579651261215507,0.5538083181720393
49_65,LICOMO,0.579651261215507,0.5860131528238967
50_65,LICOMO,0.579651261215507,0.6617092497379252
36_66,TICTAPUL,0.5164364421176267,0.5396537288443632
37_66,TICTAPUL,0.5208116545265349,0.4861158275116209
38_66,TICTAPUL,0.5208116545265349,0.4869364033820562
39_66,TICTAPUL,0.5208116545265349,0.48817995111206003
40_66,TICTAPUL,0.5409660606723389,0.49552686126555867
41_66,LICOMO,0.5796295265765969,0.5295259779303645
42_66,LICOMO,0.579651261215507,0.5341166742163626
43_66,LICOMO,0.579651261215507,0.544175075964708
44_66,LICOMO,0.579651261215507,0.5523556027300914
45_66,LICOMO,0.579651261215507,0.5575669495169228
46_66,LICOMO,0.579651261215507,0.5442009458197596
47_66,LICOMO,0.579651261215507,0.5358338195277774
48_66,LICOMO,0.579651261215507,0.538084086566111
49_66,LICOMO,0.579651261215507,0.5789329360346318
50_66,LICOMO,0.579651261215507,0.6630240560982529
36_67,TICTAPUL,0.5208116545265349,0.6013375025848808
37_67,TICTAPUL,0.5208116545265349,0.48592141025262847
38_67,TICTAPUL,0.5228252690375441,0.4931609183604484
39_67,LICOMO,0.5570089243785591,0.49762795788229064
40_67,LICOMO,0.5795802498743163,0.5236371254644336
41_67,LICOMO,0.579651261215507,0.5221205262968683
42_67,LICOMO,0.579651261215507,0.5230747081832834
43_67,LICOMO,0.579651261215507,0.5644617832030656
44_67,LICOMO,0.579651261215507,0.5553599392463621
45_67,LICOMO,0.579651261215507,0.5597258904852092
46_67,LICOMO,0.579651261215507,0.5553035311865299
47_67,LICOMO,0.579651261215507,0.5361611576590204
48_67,LICOMO,0.579651261215507,0.5726327944049332
49_67,LICOMO,0.579651261215507,0.6438167065240376
37_68,TICTAPUL,0.5313011125074207,0.5338906742726626
38_68,LICOMO,0.5682406462632453,0.5205666844698791
39_68,LICOMO,0.579651261215507,0.5164729001812262
40_68,LICOMO,0.579651261215507,0.5232336786284304
41_68,LICOMO,0.579651261215507,0.5215876880345749
42_68,LICOMO,0.579651261215507,0.5192103689759763
43_68,LICOMO,0.579651261215507,0.5312512539347922
44_68,LICOMO,0.579651261215507,0.5626442215177282
45_68,LICOMO,0.579651261215507,0.5880092020828155
46_68,LICOMO,0.579651261215507,0.620453363957355
47_68,LICOMO,0.579651261215507,0.633558119032686
37_69,LICOMO,0.579651261215507,0.6455979013792157
38_69,LICOMO,0.579651261215507,0.6288875822601667
39_69,LICOMO,0.579651261215507,0.5716176443645946
40_69,LICOMO,0.579651261215507,0.5230821533614693
41_69,LICOMO,0.579651261215507,0.5232726246568654
42_69,LICOMO,0.579651261215507,0.5247928354747188
43_69,LICOMO,0.579651261215507,0.5320804634974448
44_69,LICOMO,0.579651261215507,0.5778926805900456
45_69,LICOMO,0.579651261215507,0.6496312412832885
39_70,LICOMO,0.579651261215507,0.6278162616074247
40_70,LICOMO,0.579651261215507,0.5736377301888101
41_70,LICOMO,0.579651261215507,0.5222170492076884
42_70,LICOMO,0.579651261215507,0.5231864726050209
43_70,LICOMO,0.579651261215507,0.5494452343504315
44_70,LICOMO,0.579651261215507,0.6481416022528868
40_71,LICOMO,0.579651261215507,0.6371930243285258
41_71,LICOMO,0.579651261215507,0.5495861303911805
42_71,LICOMO,0.579651261215507,0.524116837238418
43_71,LICOMO,0.579651261215507,0.5843684859105124
41_72,LICOMO,0.579651261215507,0.6509150422307322
42_72,LICOMO,0.579651261215507,0.5531405177899233
43_72,LICOMO,0.579651261215507,0.6339692537555256
